로트번호,설비,작업조,원자재공급사,용접전류,용접속도,예열온도,판두께,작업시간,습도,품질판정
LOT00000,2호기,A조,다공업체,178.0,43.11,121.2,6.37,41.5,95.0,불량
LOT00001,2호기,C조,가공업체,161.0,42.54,126.1,3.76,37.9,52.9,양품
LOT00002,2호기,C조,가공업체,186.3,30.57,125.2,6.97,36.9,46.2,양품
LOT00003,3호기,B조,가공업체,167.9,36.38,174.0,5.47,34.1,42.3,양품
LOT00004,3호기,B조,가공업체,176.1,43.68,136.2,7.84,32.8,39.3,양품
LOT00005,1호기,A조,가공업체,192.7,49.19,138.1,6.85,30.9,68.0,불량
LOT00006,3호기,B조,나공업체,179.9,45.8,135.7,6.23,43.7,23.3,불량
LOT00007,4호기,B조,다공업체,168.2,45.84,135.6,5.44,43.5,48.9,불량
LOT00008,2호기,A조,가공업체,209.3,44.75,137.4,6.61,49.6,31.8,양품
LOT00009,1호기,B조,나공업체,201.3,51.45,162.7,6.77,39.3,71.1,양품
LOT00010,4호기,B조,나공업체,172.6,42.38,151.5,5.49,34.5,56.7,양품
LOT00011,3호기,C조,가공업체,156.9,44.63,156.9,6.42,39.0,61.5,양품
LOT00012,2호기,C조,가공업체,196.0,39.33,159.8,5.97,47.1,54.5,양품
LOT00013,3호기,A조,가공업체,203.9,28.09,139.1,5.81,19.7,65.7,불량
LOT00014,4호기,A조,가공업체,187.0,38.56,162.3,5.96,33.4,79.1,양품
LOT00015,2호기,C조,다공업체,197.1,47.08,137.8,6.15,32.1,46.8,불량
LOT00016,1호기,C조,가공업체,195.2,37.75,177.9,7.66,45.0,59.7,양품
LOT00017,1호기,A조,다공업체,167.7,39.75,132.2,5.77,43.3,61.9,양품
LOT00018,3호기,B조,가공업체,208.3,41.35,,7.51,27.1,60.2,불량
LOT00019,1호기,B조,다공업체,193.6,31.04,114.8,5.72,30.0,58.8,불량
LOT00020,4호기,A조,가공업체,169.7,37.55,159.6,6.33,38.8,67.0,양품
LOT00021,2호기,A조,가공업체,189.7,48.1,155.5,5.84,27.0,61.3,양품
LOT00022,1호기,A조,다공업체,142.8,38.35,170.4,7.53,22.2,50.9,불량
LOT00023,1호기,C조,다공업체,187.1,43.44,151.7,5.82,56.8,48.5,양품
LOT00024,3호기,A조,가공업체,206.8,30.38,134.1,6.25,28.0,40.6,양품
LOT00025,2호기,C조,나공업체,175.7,42.48,151.6,6.47,42.1,69.5,양품
LOT00026,4호기,A조,나공업체,158.3,44.1,163.7,5.1,34.7,64.0,불량
LOT00027,3호기,B조,다공업체,194.5,27.77,156.7,5.3,44.0,44.1,불량
LOT00028,3호기,B조,가공업체,162.0,39.05,128.3,6.56,30.0,34.1,양품
LOT00029,1호기,C조,가공업체,185.0,30.55,109.6,6.58,36.3,48.7,양품
LOT00030,1호기,B조,가공업체,178.3,38.8,176.1,4.71,38.5,59.0,양품
LOT00031,2호기,B조,가공업체,183.6,39.39,126.3,6.55,32.8,58.3,양품
LOT00032,1호기,B조,가공업체,182.8,35.84,164.2,4.04,45.0,35.3,양품
LOT00033,1호기,B조,가공업체,173.5,41.96,153.0,4.6,41.6,83.3,양품
LOT00034,3호기,C조,나공업체,169.7,43.16,205.0,8.59,45.7,41.9,양품
LOT00035,2호기,A조,가공업체,186.6,43.95,158.9,6.15,46.9,59.7,양품
LOT00036,4호기,A조,가공업체,198.9,41.66,145.9,6.63,29.3,54.5,불량
LOT00037,2호기,C조,가공업체,183.4,37.38,147.6,5.93,42.4,37.0,양품
LOT00038,3호기,A조,가공업체,179.6,40.55,148.8,5.62,37.1,62.1,양품
LOT00039,2호기,C조,가공업체,179.4,49.29,172.4,7.07,55.6,64.8,양품
LOT00040,3호기,B조,가공업체,158.9,43.95,143.4,4.51,35.3,52.1,불량
LOT00041,1호기,B조,가공업체,186.6,37.9,151.2,6.63,26.3,63.9,양품
LOT00042,2호기,A조,나공업체,171.9,27.81,149.1,5.25,43.6,54.4,양품
LOT00043,4호기,C조,가공업체,165.1,38.0,163.8,7.7,34.7,63.3,양품
LOT00044,1호기,B조,가공업체,188.1,40.82,,7.6,49.9,52.6,양품
LOT00045,2호기,A조,가공업체,187.8,30.7,129.5,6.28,20.4,79.9,양품
LOT00046,2호기,A조,다공업체,194.3,37.04,149.5,5.61,33.4,57.0,양품
LOT00047,4호기,C조,다공업체,188.5,41.88,132.6,6.76,38.0,44.9,양품
LOT00048,2호기,A조,다공업체,201.9,49.14,171.1,7.6,59.4,64.6,불량
LOT00049,1호기,B조,나공업체,196.8,48.77,154.3,5.05,52.5,69.9,불량
LOT00050,4호기,A조,가공업체,175.3,47.26,,6.17,34.8,52.5,양품
LOT00051,1호기,B조,가공업체,207.4,45.01,161.4,7.06,36.9,68.2,양품
LOT00052,3호기,B조,가공업체,183.0,41.2,118.0,6.7,36.5,47.5,양품
LOT00053,3호기,C조,가공업체,218.2,36.63,147.2,5.48,48.6,54.8,양품
LOT00054,1호기,A조,나공업체,190.5,45.43,155.9,5.97,35.7,44.7,양품
LOT00055,4호기,C조,가공업체,194.1,55.7,123.2,6.32,30.8,49.6,양품
LOT00056,1호기,B조,가공업체,200.1,44.25,123.8,7.16,41.5,34.4,불량
LOT00057,4호기,A조,가공업체,194.7,32.72,168.4,5.31,29.2,41.7,불량
LOT00058,3호기,A조,가공업체,185.6,44.86,145.8,4.43,33.9,49.6,양품
LOT00059,3호기,B조,가공업체,188.7,37.81,162.0,7.42,35.9,56.2,양품
LOT00060,2호기,B조,나공업체,187.4,43.71,116.4,6.62,29.6,57.7,불량
LOT00061,2호기,A조,다공업체,172.3,32.09,162.0,7.3,26.6,64.3,양품
LOT00062,1호기,C조,가공업체,172.7,45.83,159.1,5.55,32.8,52.4,양품
LOT00063,3호기,A조,가공업체,199.4,40.19,123.9,6.72,31.4,60.1,양품
LOT00064,1호기,B조,다공업체,181.3,41.77,176.7,6.34,38.5,36.4,양품
LOT00065,1호기,A조,다공업체,169.4,50.03,164.8,5.66,34.5,61.0,양품
LOT00066,1호기,B조,가공업체,179.7,43.12,166.6,5.02,39.4,45.7,양품
LOT00067,1호기,B조,가공업체,192.8,48.48,95.9,5.35,38.6,53.7,불량
LOT00068,3호기,C조,가공업체,183.4,43.8,167.8,6.4,43.9,80.4,양품
LOT00069,2호기,C조,다공업체,163.6,38.76,155.4,6.43,30.5,47.0,양품
LOT00070,1호기,B조,가공업체,153.5,41.3,137.2,6.29,43.0,64.6,양품
LOT00071,2호기,B조,가공업체,196.0,43.4,107.7,4.95,35.4,60.6,불량
LOT00072,1호기,B조,가공업체,178.5,41.31,166.9,6.55,36.9,64.5,양품
LOT00073,2호기,B조,나공업체,163.4,52.52,159.7,4.18,49.9,32.0,양품
LOT00074,4호기,C조,가공업체,195.5,36.44,166.3,6.01,34.1,49.7,양품
LOT00075,1호기,C조,가공업체,188.6,49.76,154.5,4.7,35.6,39.8,양품
LOT00076,1호기,B조,나공업체,179.4,43.57,132.8,5.69,38.0,59.1,양품
LOT00077,4호기,A조,가공업체,200.3,44.3,175.8,4.61,40.3,64.4,양품
LOT00078,4호기,C조,가공업체,190.5,39.59,120.5,6.13,35.2,45.5,양품
LOT00079,3호기,A조,가공업체,158.6,41.48,159.1,5.22,42.8,65.1,불량
LOT00080,3호기,A조,가공업체,163.7,35.56,151.6,7.05,29.1,67.6,양품
LOT00081,3호기,C조,가공업체,205.9,43.7,149.4,6.94,52.3,60.5,불량
LOT00082,3호기,B조,다공업체,175.6,43.54,131.3,6.26,52.6,43.3,양품
LOT00083,3호기,A조,가공업체,172.5,35.07,157.5,6.31,33.7,61.8,양품
LOT00084,1호기,A조,나공업체,172.1,37.48,144.8,5.36,41.0,55.3,양품
LOT00085,2호기,C조,나공업체,187.1,41.82,,5.88,38.8,44.0,양품
LOT00086,1호기,C조,가공업체,183.2,38.78,131.6,7.33,46.6,55.0,양품
LOT00087,2호기,B조,가공업체,165.6,46.76,121.2,6.17,36.8,58.6,불량
LOT00088,1호기,C조,나공업체,168.2,41.49,133.3,6.87,40.8,45.8,불량
LOT00089,2호기,C조,나공업체,215.0,47.01,155.8,6.38,36.4,31.6,양품
LOT00090,3호기,B조,가공업체,178.5,39.3,,6.27,42.2,56.6,양품
LOT00091,3호기,C조,가공업체,172.3,39.81,167.9,6.3,36.8,41.2,불량
LOT00092,3호기,C조,가공업체,182.5,45.68,162.4,6.19,51.6,64.9,불량
LOT00093,1호기,B조,가공업체,189.3,35.95,123.1,6.47,34.3,40.5,양품
LOT00094,3호기,B조,가공업체,214.4,43.29,155.4,5.04,52.1,44.9,양품
LOT00095,1호기,A조,다공업체,182.5,40.4,164.0,6.87,44.0,69.2,양품
LOT00096,1호기,C조,가공업체,174.8,40.98,138.4,6.88,29.0,38.0,양품
LOT00097,2호기,A조,가공업체,189.8,48.8,168.6,5.94,25.9,68.6,양품
LOT00098,1호기,A조,다공업체,199.8,36.56,167.7,6.12,30.7,67.2,양품
LOT00099,2호기,C조,다공업체,188.3,48.17,128.5,6.41,44.5,50.5,불량
LOT00100,1호기,B조,가공업체,161.7,49.03,160.0,4.96,25.3,46.4,양품
LOT00101,3호기,A조,가공업체,211.2,49.27,125.9,5.82,34.9,54.4,양품
LOT00102,2호기,B조,나공업체,184.5,48.34,137.7,7.04,40.4,62.2,불량
LOT00103,2호기,B조,나공업체,198.6,35.32,129.3,6.69,34.1,39.3,양품
LOT00104,2호기,C조,나공업체,176.4,37.05,176.9,5.93,32.6,51.2,양품
LOT00105,3호기,B조,나공업체,211.7,43.81,151.2,4.74,33.8,73.7,불량
LOT00106,2호기,B조,나공업체,182.2,44.54,142.4,5.73,43.8,71.9,불량
LOT00107,2호기,A조,가공업체,154.1,35.04,172.1,6.43,41.5,45.6,양품
LOT00108,2호기,A조,다공업체,180.4,40.6,147.9,6.07,43.2,71.8,불량
LOT00109,2호기,C조,가공업체,154.6,42.44,171.6,5.69,33.7,71.0,양품
LOT00110,1호기,B조,가공업체,180.9,35.06,136.8,6.73,23.0,79.9,양품
LOT00111,1호기,C조,나공업체,184.7,38.7,132.7,7.08,40.9,32.8,양품
LOT00112,3호기,C조,가공업체,177.9,45.84,,6.81,27.2,85.6,양품
LOT00113,4호기,A조,나공업체,193.0,32.58,153.5,6.29,27.6,32.9,양품
LOT00114,1호기,B조,가공업체,169.8,44.97,135.3,7.28,21.2,61.3,양품
LOT00115,4호기,A조,나공업체,175.7,36.43,153.4,6.1,26.6,44.0,양품
LOT00116,3호기,B조,다공업체,203.7,39.22,147.6,6.68,30.4,43.0,불량
LOT00117,3호기,B조,가공업체,194.8,39.18,154.9,5.33,40.4,54.6,양품
LOT00118,3호기,C조,나공업체,153.2,35.45,139.1,5.81,50.4,45.9,불량
LOT00119,3호기,B조,나공업체,184.9,45.91,,7.63,31.5,57.0,양품
LOT00120,3호기,C조,다공업체,180.4,42.32,154.0,6.23,29.9,44.4,양품
LOT00121,1호기,B조,가공업체,184.1,38.45,144.4,5.57,52.7,42.0,양품
LOT00122,2호기,C조,다공업체,207.9,30.43,133.6,7.8,27.3,71.2,불량
LOT00123,3호기,C조,다공업체,196.8,50.11,147.5,7.49,29.8,28.4,불량
LOT00124,1호기,B조,나공업체,157.4,47.54,187.6,7.16,37.7,50.9,양품
LOT00125,1호기,A조,가공업체,186.7,48.03,142.8,7.86,18.3,75.7,양품
LOT00126,4호기,B조,가공업체,180.1,40.83,149.8,6.17,45.1,50.3,양품
LOT00127,1호기,B조,나공업체,182.7,43.1,153.6,6.05,43.9,54.9,양품
LOT00128,2호기,C조,가공업체,185.0,42.87,138.6,7.11,48.4,59.5,양품
LOT00129,1호기,C조,가공업체,174.4,43.7,143.4,6.27,31.2,49.4,불량
LOT00130,2호기,A조,가공업체,182.7,40.37,133.0,6.26,26.9,63.2,양품
LOT00131,3호기,A조,나공업체,197.2,44.42,171.8,6.91,32.9,50.8,양품
LOT00132,1호기,C조,다공업체,165.1,40.68,163.9,5.14,28.5,41.8,불량
LOT00133,3호기,B조,가공업체,196.9,41.01,117.5,5.92,37.1,53.2,불량
LOT00134,1호기,C조,가공업체,170.3,41.08,178.5,5.66,42.8,62.2,양품
LOT00135,3호기,B조,나공업체,174.6,48.18,116.4,5.53,38.2,67.7,불량
LOT00136,2호기,B조,나공업체,205.3,36.89,138.6,7.25,29.7,46.6,양품
LOT00137,1호기,C조,다공업체,191.7,45.56,153.3,4.78,36.5,80.4,양품
LOT00138,2호기,C조,가공업체,167.1,43.34,146.2,6.47,28.9,51.0,양품
LOT00139,4호기,C조,가공업체,177.5,47.65,140.8,4.96,31.5,56.7,양품
LOT00140,2호기,C조,나공업체,201.6,44.49,128.5,6.42,45.9,42.7,양품
LOT00141,4호기,A조,가공업체,182.7,45.0,160.0,7.02,43.6,54.9,양품
LOT00142,1호기,B조,나공업체,187.4,37.01,131.7,6.24,45.7,58.2,양품
LOT00143,4호기,B조,나공업체,193.3,44.63,157.7,4.84,27.8,37.1,불량
LOT00144,1호기,C조,나공업체,204.2,58.37,154.0,6.94,39.3,60.6,불량
LOT00145,2호기,B조,나공업체,177.0,43.47,158.9,5.08,32.2,76.0,양품
LOT00146,3호기,C조,가공업체,212.9,36.56,,8.06,51.5,69.6,불량
LOT00147,1호기,C조,다공업체,187.5,42.91,177.9,6.31,43.3,45.9,양품
LOT00148,3호기,A조,가공업체,202.1,37.06,178.7,6.43,36.9,53.3,양품
LOT00149,1호기,C조,가공업체,164.4,40.62,160.5,5.98,39.8,51.7,양품
LOT00150,3호기,A조,나공업체,169.3,47.72,154.2,7.14,21.5,49.5,양품
LOT00151,1호기,A조,가공업체,187.7,46.58,160.9,5.47,32.9,60.8,양품
LOT00152,1호기,B조,나공업체,191.0,43.96,135.7,6.21,44.2,57.8,양품
LOT00153,2호기,B조,가공업체,176.7,43.82,171.1,6.68,52.5,38.0,양품
LOT00154,2호기,A조,가공업체,176.6,44.41,138.6,6.14,35.0,56.8,양품
LOT00155,1호기,B조,가공업체,163.2,40.63,151.4,6.08,38.2,39.6,양품
LOT00156,1호기,A조,나공업체,173.4,42.7,157.9,6.9,42.0,57.4,양품
LOT00157,3호기,B조,다공업체,186.3,50.58,121.2,5.73,27.7,63.7,불량
LOT00158,2호기,C조,다공업체,181.8,43.77,145.8,5.41,56.2,52.3,양품
LOT00159,2호기,A조,나공업체,168.5,37.96,163.9,6.57,44.6,71.8,양품
LOT00160,1호기,B조,가공업체,194.8,40.82,148.2,6.63,23.0,58.3,양품
LOT00161,4호기,C조,나공업체,191.6,44.41,140.8,6.41,34.1,71.3,양품
LOT00162,3호기,C조,가공업체,187.4,37.29,179.6,5.6,29.0,44.1,양품
LOT00163,4호기,B조,가공업체,201.3,48.0,165.1,5.57,49.8,56.7,양품
LOT00164,1호기,B조,다공업체,199.2,41.34,146.6,6.13,37.1,41.5,양품
LOT00165,1호기,A조,나공업체,174.3,49.63,126.7,5.99,24.3,54.9,불량
LOT00166,2호기,A조,가공업체,159.4,45.1,149.4,6.36,28.5,55.6,양품
LOT00167,3호기,C조,나공업체,207.1,36.55,147.1,4.41,40.4,40.1,양품
LOT00168,4호기,B조,다공업체,192.9,30.66,112.7,5.73,22.8,72.8,불량
LOT00169,2호기,B조,가공업체,193.0,29.05,129.9,8.67,27.2,61.2,양품
LOT00170,4호기,B조,다공업체,171.4,41.18,155.9,5.45,25.8,69.2,불량
LOT00171,2호기,A조,다공업체,189.7,32.2,129.5,6.57,40.6,48.6,양품
LOT00172,2호기,B조,가공업체,192.9,37.22,148.5,6.59,29.4,34.7,양품
LOT00173,3호기,B조,가공업체,180.8,33.55,129.3,4.37,32.4,73.3,불량
LOT00174,4호기,C조,가공업체,181.0,40.03,133.7,5.86,47.9,47.3,양품
LOT00175,1호기,B조,나공업체,187.8,36.63,127.8,5.16,42.1,80.5,양품
LOT00176,3호기,C조,가공업체,184.1,37.35,137.9,6.31,17.2,56.3,양품
LOT00177,3호기,B조,나공업체,177.9,42.18,129.1,4.91,57.3,44.2,불량
LOT00178,2호기,B조,가공업체,179.2,41.59,176.0,5.47,18.9,56.9,양품
LOT00179,1호기,A조,나공업체,196.7,38.56,161.5,6.7,45.6,57.4,양품
LOT00180,3호기,A조,다공업체,179.5,40.59,146.6,5.36,43.5,63.4,양품
LOT00181,4호기,A조,나공업체,188.5,49.49,134.5,6.46,33.1,53.5,양품
LOT00182,2호기,B조,가공업체,203.7,53.79,136.1,8.24,30.0,47.4,불량
LOT00183,2호기,C조,나공업체,179.3,41.68,,4.23,39.8,47.2,불량
LOT00184,2호기,C조,나공업체,171.4,42.26,123.6,6.3,30.6,67.3,양품
LOT00185,3호기,A조,나공업체,195.2,30.01,151.0,6.12,44.8,37.7,양품
LOT00186,3호기,C조,가공업체,179.5,50.22,158.1,5.37,46.5,50.9,불량
LOT00187,2호기,A조,가공업체,178.8,46.8,148.1,6.35,21.6,67.7,불량
LOT00188,3호기,A조,가공업체,207.4,38.94,146.3,6.37,40.2,55.1,불량
LOT00189,2호기,B조,다공업체,183.7,51.45,130.0,6.13,47.2,63.8,불량
LOT00190,3호기,A조,다공업체,196.5,35.99,143.1,6.21,32.2,57.2,양품
LOT00191,3호기,A조,가공업체,188.6,52.23,186.6,5.83,40.1,60.7,양품
LOT00192,2호기,B조,가공업체,181.1,34.16,155.9,7.22,44.1,46.4,양품
LOT00193,4호기,A조,가공업체,205.9,36.36,147.5,6.62,38.9,67.9,불량
LOT00194,3호기,A조,나공업체,200.7,40.47,165.9,5.92,28.4,50.3,양품
LOT00195,1호기,A조,가공업체,185.3,47.21,,4.79,21.5,31.1,양품
LOT00196,3호기,B조,나공업체,163.4,41.28,149.7,5.96,44.7,53.6,불량
LOT00197,1호기,A조,가공업체,186.7,41.6,132.6,7.35,38.0,78.8,양품
LOT00198,2호기,B조,가공업체,186.9,32.16,116.9,5.8,40.1,36.7,양품
LOT00199,3호기,A조,가공업체,183.4,37.73,139.4,5.53,40.0,56.7,불량
LOT00200,4호기,C조,가공업체,176.9,34.27,141.5,5.76,40.8,49.9,양품
LOT00201,3호기,B조,가공업체,196.7,40.54,152.2,5.84,35.4,55.8,양품
LOT00202,2호기,A조,가공업체,193.9,46.0,119.3,6.1,35.6,50.4,양품
LOT00203,3호기,B조,다공업체,190.8,42.07,155.7,4.99,35.0,66.4,불량
LOT00204,1호기,B조,가공업체,204.1,44.6,154.1,8.42,19.6,40.9,양품
LOT00205,2호기,B조,가공업체,183.6,48.2,136.8,5.52,40.7,63.0,양품
LOT00206,3호기,B조,가공업체,190.8,34.39,153.9,5.45,31.7,60.8,양품
LOT00207,1호기,C조,가공업체,166.1,45.2,127.1,4.65,50.0,57.0,불량
LOT00208,1호기,A조,가공업체,172.2,36.33,152.9,6.78,38.9,52.1,양품
LOT00209,1호기,B조,다공업체,185.8,44.49,119.7,4.74,42.9,83.3,양품
LOT00210,1호기,B조,나공업체,182.4,44.29,163.9,6.69,40.4,56.9,양품
LOT00211,1호기,B조,가공업체,196.6,34.21,159.1,8.76,32.4,51.1,양품
LOT00212,1호기,B조,나공업체,189.4,56.4,143.7,4.96,25.5,57.4,양품
LOT00213,1호기,C조,다공업체,185.6,27.41,141.5,6.89,32.8,60.1,불량
LOT00214,3호기,A조,다공업체,169.4,43.76,142.7,6.1,42.8,57.4,불량
LOT00215,1호기,A조,다공업체,185.5,38.47,171.1,7.24,35.0,40.1,불량
LOT00216,1호기,A조,나공업체,181.1,47.31,165.7,6.52,28.3,86.5,불량
LOT00217,2호기,C조,나공업체,180.5,49.03,120.7,5.65,48.6,66.1,양품
LOT00218,4호기,A조,가공업체,201.1,46.81,141.2,4.38,46.3,58.5,양품
LOT00219,3호기,B조,가공업체,193.0,46.61,153.6,6.11,34.5,49.5,양품
LOT00220,2호기,B조,나공업체,198.6,32.11,164.4,7.81,13.0,57.3,불량
LOT00221,3호기,C조,나공업체,177.8,39.24,,5.85,46.2,49.4,양품
LOT00222,4호기,A조,가공업체,179.6,31.25,121.1,7.07,37.0,60.0,양품
LOT00223,3호기,C조,나공업체,164.4,52.81,144.1,6.11,34.7,84.5,양품
LOT00224,2호기,C조,가공업체,195.4,43.12,177.6,6.17,37.0,42.2,양품
LOT00225,3호기,C조,가공업체,176.2,33.8,154.8,5.86,36.2,52.6,양품
LOT00226,2호기,C조,다공업체,171.0,44.54,110.7,5.02,21.8,53.7,양품
LOT00227,1호기,A조,나공업체,190.7,39.37,155.4,6.15,44.2,30.9,양품
LOT00228,1호기,B조,가공업체,196.6,37.2,133.5,6.99,42.1,62.8,양품
LOT00229,1호기,B조,가공업체,194.3,27.67,123.5,6.31,55.6,76.9,불량
LOT00230,1호기,B조,다공업체,170.1,43.46,129.2,4.81,42.8,56.9,불량
LOT00231,2호기,B조,가공업체,187.8,42.4,144.6,4.89,30.7,68.0,양품
LOT00232,4호기,C조,가공업체,204.3,40.21,174.9,6.43,27.8,55.0,양품
LOT00233,3호기,A조,가공업체,201.9,42.74,161.5,6.42,37.2,65.6,양품
LOT00234,1호기,A조,가공업체,187.6,45.79,144.5,6.82,20.4,63.8,양품
LOT00235,3호기,C조,나공업체,165.3,44.14,140.4,7.74,51.2,48.8,불량
LOT00236,2호기,A조,가공업체,181.4,40.86,128.5,5.72,45.1,71.0,불량
LOT00237,4호기,C조,가공업체,183.9,45.95,163.6,6.2,41.1,55.9,불량
LOT00238,3호기,A조,나공업체,154.3,53.76,127.2,5.7,38.2,46.6,불량
LOT00239,3호기,B조,나공업체,193.3,37.41,164.4,5.7,20.3,41.6,양품
LOT00240,1호기,B조,나공업체,180.4,42.7,159.3,6.27,31.4,54.4,양품
LOT00241,1호기,C조,가공업체,189.7,41.67,135.7,7.2,27.2,43.3,양품
LOT00242,3호기,A조,다공업체,160.1,45.05,146.4,6.03,49.9,70.5,불량
LOT00243,2호기,A조,가공업체,173.5,44.73,162.3,5.62,50.6,49.8,양품
LOT00244,2호기,C조,가공업체,152.9,43.47,142.2,5.38,25.1,47.2,양품
LOT00245,4호기,A조,다공업체,185.7,33.41,134.6,7.24,41.3,71.0,불량
LOT00246,3호기,B조,가공업체,175.9,41.78,,6.93,33.9,50.4,양품
LOT00247,3호기,B조,나공업체,181.3,32.33,154.6,5.78,23.6,66.8,양품
LOT00248,2호기,A조,다공업체,180.3,49.58,157.6,5.19,46.6,56.0,양품
LOT00249,1호기,C조,가공업체,171.7,54.34,134.1,4.71,33.1,44.5,양품
LOT00250,4호기,C조,가공업체,178.2,46.9,124.5,4.95,27.5,63.0,양품
LOT00251,1호기,A조,다공업체,203.1,48.95,174.0,6.74,36.1,60.6,양품
LOT00252,1호기,B조,나공업체,178.8,47.04,153.5,7.53,48.2,68.4,양품
LOT00253,1호기,B조,나공업체,176.4,45.73,176.9,5.23,33.7,66.3,불량
LOT00254,3호기,B조,나공업체,165.2,53.08,,6.99,39.6,79.0,불량
LOT00255,3호기,C조,다공업체,184.7,40.17,,6.94,43.2,54.4,양품
LOT00256,3호기,B조,나공업체,215.5,30.75,141.6,6.53,53.1,66.0,불량
LOT00257,3호기,A조,나공업체,173.9,44.24,142.7,5.89,22.2,75.0,불량
LOT00258,4호기,A조,가공업체,154.3,33.89,168.7,6.06,28.9,62.6,양품
LOT00259,2호기,B조,가공업체,204.4,35.77,132.6,6.85,33.5,33.5,불량
LOT00260,3호기,B조,다공업체,184.5,31.09,130.3,4.91,35.2,64.1,불량
LOT00261,2호기,B조,가공업체,195.6,40.88,119.1,8.42,41.5,70.6,양품
LOT00262,2호기,A조,가공업체,171.9,44.61,146.7,5.17,23.1,35.6,양품
LOT00263,3호기,B조,다공업체,210.6,38.79,168.2,5.75,14.5,79.4,불량
LOT00264,4호기,C조,가공업체,177.8,38.65,145.7,6.36,36.4,55.9,양품
LOT00265,3호기,A조,나공업체,205.5,44.23,140.2,7.12,46.4,82.5,양품
LOT00266,4호기,B조,나공업체,187.3,40.95,146.8,6.51,46.0,57.8,불량
LOT00267,1호기,C조,가공업체,187.4,45.56,152.4,4.82,52.5,45.3,양품
LOT00268,1호기,A조,나공업체,171.9,46.13,162.3,5.94,22.9,60.7,불량
LOT00269,4호기,C조,나공업체,176.3,28.99,145.7,6.11,33.5,54.5,양품
LOT00270,2호기,B조,가공업체,171.7,47.86,159.1,5.22,36.7,28.9,양품
LOT00271,4호기,A조,가공업체,177.7,36.48,143.2,4.75,33.8,59.7,양품
LOT00272,3호기,B조,가공업체,202.1,44.61,109.8,5.63,56.9,55.9,불량
LOT00273,3호기,A조,가공업체,200.3,43.15,155.6,4.58,42.8,40.7,양품
LOT00274,4호기,C조,다공업체,189.8,42.25,121.4,6.09,30.9,39.7,양품
LOT00275,4호기,B조,가공업체,188.9,35.54,141.6,7.95,46.5,40.0,불량
LOT00276,2호기,A조,나공업체,187.6,36.99,147.1,6.84,33.0,45.5,양품
LOT00277,4호기,B조,나공업체,199.0,40.62,113.5,5.33,32.0,56.2,불량
LOT00278,2호기,C조,나공업체,197.4,34.26,144.0,5.8,36.9,60.3,양품
LOT00279,4호기,A조,다공업체,176.8,48.81,156.9,6.19,57.2,61.4,불량
LOT00280,2호기,A조,나공업체,182.7,44.39,175.7,5.28,42.5,39.2,양품
LOT00281,3호기,A조,다공업체,188.7,48.78,137.9,6.91,36.5,80.6,불량
LOT00282,2호기,A조,다공업체,186.4,37.92,143.5,6.94,28.9,42.8,양품
LOT00283,2호기,A조,가공업체,191.5,31.04,145.3,6.89,20.6,40.0,양품
LOT00284,1호기,A조,다공업체,198.0,46.77,153.9,6.31,28.1,45.6,불량
LOT00285,3호기,C조,가공업체,180.3,49.59,143.1,5.07,42.0,45.2,양품
LOT00286,2호기,C조,가공업체,192.2,35.7,151.0,6.63,36.8,68.9,양품
LOT00287,1호기,A조,나공업체,178.8,46.73,121.5,6.03,36.3,60.6,불량
LOT00288,3호기,C조,가공업체,198.3,40.78,181.9,6.98,33.6,51.1,양품
LOT00289,4호기,A조,나공업체,187.0,49.91,171.2,5.64,32.6,42.7,불량
LOT00290,3호기,C조,다공업체,197.7,36.94,146.5,5.67,40.4,71.8,불량
LOT00291,1호기,A조,가공업체,194.8,34.32,148.9,6.03,25.8,57.1,양품
LOT00292,4호기,A조,나공업체,192.7,39.53,123.1,7.35,41.5,41.1,양품
LOT00293,3호기,C조,가공업체,196.1,42.12,146.9,6.05,31.9,57.3,양품
LOT00294,1호기,C조,가공업체,194.0,39.17,127.1,6.44,42.6,62.8,양품
LOT00295,2호기,A조,가공업체,193.9,39.26,121.5,6.4,26.3,55.0,양품
LOT00296,1호기,B조,가공업체,175.0,35.18,149.2,6.44,31.1,49.9,양품
LOT00297,1호기,C조,가공업체,191.7,39.47,139.0,6.48,33.8,60.7,양품
LOT00298,3호기,B조,가공업체,172.7,44.65,191.0,7.07,53.0,78.5,양품
LOT00299,2호기,C조,다공업체,204.8,45.34,105.7,6.35,40.3,49.6,불량
LOT00300,3호기,B조,다공업체,177.0,33.44,186.3,6.3,50.4,64.5,양품
LOT00301,3호기,B조,가공업체,155.9,34.15,150.5,5.18,58.3,44.2,불량
LOT00302,1호기,C조,가공업체,192.8,37.55,101.7,5.37,24.6,68.6,양품
LOT00303,1호기,C조,나공업체,195.8,46.01,136.1,5.84,38.2,44.7,양품
LOT00304,4호기,B조,다공업체,182.0,42.14,156.2,7.42,41.1,60.2,불량
LOT00305,1호기,A조,다공업체,213.1,43.41,,4.71,27.7,58.5,양품
LOT00306,2호기,C조,가공업체,180.7,51.38,150.5,7.17,39.7,41.8,양품
LOT00307,2호기,A조,다공업체,209.2,35.54,146.1,4.33,33.9,55.7,불량
LOT00308,4호기,A조,나공업체,180.7,34.38,134.8,6.49,40.2,44.9,양품
LOT00309,1호기,C조,가공업체,196.2,34.01,136.7,4.38,27.2,42.8,양품
LOT00310,2호기,B조,가공업체,197.5,36.42,146.1,6.45,32.3,46.0,양품
LOT00311,1호기,A조,가공업체,189.8,46.51,116.1,5.43,52.8,66.8,양품
LOT00312,1호기,C조,나공업체,209.2,33.9,165.5,7.18,39.4,56.3,양품
LOT00313,3호기,A조,나공업체,162.0,40.45,185.5,6.71,49.6,53.2,양품
LOT00314,3호기,C조,나공업체,205.7,38.76,176.4,5.68,36.7,64.3,양품
LOT00315,2호기,C조,나공업체,199.9,47.61,145.9,6.03,27.2,58.5,양품
LOT00316,1호기,C조,다공업체,174.9,42.39,111.8,5.48,48.2,57.3,불량
LOT00317,2호기,B조,나공업체,165.9,39.38,119.9,5.29,34.4,36.1,양품
LOT00318,2호기,B조,다공업체,178.8,35.98,133.7,5.54,31.6,62.0,불량
LOT00319,4호기,C조,나공업체,184.0,29.92,132.3,4.96,30.2,75.1,불량
LOT00320,3호기,C조,다공업체,187.1,47.87,147.3,6.39,24.2,61.4,불량
LOT00321,3호기,C조,가공업체,199.4,43.14,184.5,6.88,31.4,75.3,양품
LOT00322,2호기,C조,가공업체,193.3,44.25,146.1,6.5,37.8,31.5,양품
LOT00323,1호기,A조,나공업체,188.1,45.79,142.5,6.43,42.0,49.2,불량
LOT00324,2호기,A조,다공업체,209.1,41.73,168.6,3.95,32.1,42.8,양품
LOT00325,3호기,B조,가공업체,212.8,40.84,148.9,6.39,37.9,65.6,양품
LOT00326,2호기,A조,나공업체,191.2,43.39,147.5,5.95,42.7,43.2,양품
LOT00327,3호기,B조,나공업체,183.7,42.59,120.4,5.97,36.2,54.4,불량
LOT00328,3호기,B조,나공업체,190.9,51.41,131.1,5.49,40.9,62.9,양품
LOT00329,3호기,C조,다공업체,170.8,35.4,165.9,6.29,38.2,73.0,불량
LOT00330,4호기,C조,가공업체,205.8,44.42,140.6,4.98,45.2,53.7,불량
LOT00331,2호기,A조,나공업체,202.0,39.17,149.2,6.58,38.1,46.9,양품
LOT00332,1호기,B조,다공업체,191.5,37.98,168.7,5.24,30.7,66.2,양품
LOT00333,2호기,C조,나공업체,181.5,44.35,159.5,6.94,32.1,58.1,양품
LOT00334,1호기,A조,다공업체,180.9,42.08,141.8,5.26,38.6,55.9,양품
LOT00335,2호기,A조,다공업체,179.6,42.7,128.9,5.72,47.9,64.1,양품
LOT00336,2호기,C조,나공업체,197.4,39.36,178.6,7.02,52.4,48.5,불량
LOT00337,1호기,C조,가공업체,209.6,40.39,139.1,6.47,39.0,39.3,양품
LOT00338,3호기,C조,다공업체,184.8,53.38,153.9,6.8,35.8,66.6,불량
LOT00339,1호기,A조,가공업체,181.5,41.43,122.7,4.98,22.4,38.1,양품
LOT00340,3호기,B조,가공업체,185.2,36.98,161.8,4.97,30.1,71.5,불량
LOT00341,2호기,A조,가공업체,201.1,36.84,132.4,5.94,15.1,70.7,양품
LOT00342,1호기,C조,다공업체,184.3,40.84,163.7,6.51,35.0,60.1,양품
LOT00343,2호기,A조,가공업체,159.1,36.99,132.3,6.08,47.1,46.2,양품
LOT00344,2호기,C조,다공업체,229.3,49.16,138.6,5.75,45.6,60.6,불량
LOT00345,2호기,B조,가공업체,182.7,43.68,164.3,6.16,30.1,55.1,양품
LOT00346,1호기,B조,나공업체,187.5,42.83,154.3,5.48,36.3,58.5,양품
LOT00347,3호기,B조,가공업체,184.2,35.43,145.5,7.05,40.9,37.3,양품
LOT00348,1호기,C조,나공업체,177.4,37.99,131.6,6.07,38.6,58.3,양품
LOT00349,4호기,B조,나공업체,189.6,50.52,110.3,6.2,31.8,40.3,양품
LOT00350,2호기,A조,나공업체,177.9,33.98,145.9,7.32,25.5,45.5,양품
LOT00351,3호기,A조,가공업체,175.3,55.37,122.2,6.87,30.5,56.0,불량
LOT00352,1호기,A조,나공업체,188.8,46.78,125.8,7.52,44.8,55.0,양품
LOT00353,2호기,B조,나공업체,189.3,46.56,149.3,5.27,33.6,34.8,불량
LOT00354,3호기,A조,가공업체,171.5,46.22,137.8,6.58,39.6,49.7,양품
LOT00355,1호기,B조,가공업체,181.6,30.34,132.5,6.63,38.4,57.7,양품
LOT00356,4호기,B조,가공업체,198.6,40.71,173.5,6.54,54.8,60.2,양품
LOT00357,3호기,B조,가공업체,192.0,44.84,137.4,5.81,23.8,38.1,양품
LOT00358,2호기,A조,가공업체,199.7,39.41,163.6,5.41,20.3,51.8,불량
LOT00359,1호기,C조,나공업체,188.3,42.42,136.9,6.59,17.6,62.9,불량
LOT00360,2호기,A조,가공업체,174.3,46.87,151.1,7.7,26.2,72.4,양품
LOT00361,2호기,A조,나공업체,187.9,42.99,120.4,6.66,44.9,58.2,양품
LOT00362,1호기,B조,다공업체,185.7,46.91,143.3,8.01,30.7,58.0,양품
LOT00363,3호기,C조,가공업체,186.4,50.36,178.9,6.19,17.6,56.2,양품
LOT00364,4호기,A조,나공업체,157.6,41.5,161.1,6.46,37.6,50.5,불량
LOT00365,1호기,B조,나공업체,203.1,38.04,138.6,6.56,45.8,33.7,양품
LOT00366,1호기,C조,가공업체,169.9,39.24,113.5,4.61,44.0,62.5,양품
LOT00367,3호기,B조,가공업체,200.3,45.11,163.0,7.04,35.8,38.5,양품
LOT00368,1호기,C조,가공업체,198.5,47.43,119.3,6.99,40.4,67.2,양품
LOT00369,1호기,C조,가공업체,184.2,43.25,138.9,7.59,43.0,55.7,양품
LOT00370,2호기,A조,나공업체,166.8,28.42,166.1,7.24,33.2,72.6,양품
LOT00371,2호기,A조,나공업체,185.7,44.23,145.8,6.13,42.6,59.6,양품
LOT00372,2호기,C조,가공업체,191.7,32.93,137.7,5.66,42.4,54.5,양품
LOT00373,2호기,C조,나공업체,163.6,43.92,121.1,6.25,31.0,36.5,불량
LOT00374,2호기,A조,가공업체,150.6,36.81,156.9,6.1,55.6,74.0,불량
LOT00375,2호기,B조,다공업체,197.6,41.76,144.8,5.46,48.3,53.2,양품
LOT00376,2호기,B조,가공업체,186.0,45.36,119.0,6.63,59.2,32.2,양품
LOT00377,2호기,C조,나공업체,182.9,39.05,136.3,5.94,53.2,42.5,양품
LOT00378,2호기,B조,다공업체,151.0,45.59,166.7,4.79,33.8,65.1,불량
LOT00379,4호기,A조,다공업체,202.1,48.2,148.0,6.9,40.5,57.6,양품
LOT00380,4호기,A조,다공업체,187.0,37.34,151.1,5.46,42.9,51.9,양품
LOT00381,3호기,B조,나공업체,168.3,46.72,145.6,6.35,50.8,63.9,불량
LOT00382,3호기,B조,나공업체,183.4,43.56,,5.19,43.2,53.1,양품
LOT00383,4호기,A조,가공업체,205.1,37.58,152.4,7.28,43.0,51.8,불량
LOT00384,1호기,A조,다공업체,166.7,40.26,134.3,6.62,34.2,36.3,양품
LOT00385,2호기,A조,다공업체,207.0,43.5,139.5,5.88,27.2,54.9,양품
LOT00386,2호기,A조,가공업체,138.4,31.55,152.0,6.15,57.6,58.3,불량
LOT00387,1호기,B조,가공업체,191.6,33.1,143.2,5.09,45.7,71.2,양품
LOT00388,3호기,A조,나공업체,195.4,48.44,145.5,7.94,29.2,49.7,불량
LOT00389,2호기,A조,가공업체,201.5,45.01,147.7,7.05,36.5,51.6,양품
LOT00390,2호기,B조,가공업체,168.9,43.18,120.1,7.24,36.1,58.2,양품
LOT00391,1호기,C조,다공업체,200.9,39.84,156.4,6.53,25.6,59.4,불량
LOT00392,1호기,C조,가공업체,199.1,45.95,155.9,6.63,40.1,76.7,양품
LOT00393,4호기,A조,나공업체,190.8,34.07,152.6,3.34,40.8,58.7,양품
LOT00394,3호기,A조,가공업체,177.8,42.19,173.2,6.36,37.1,67.3,양품
LOT00395,1호기,B조,가공업체,194.6,40.77,142.9,6.45,27.4,36.5,양품
LOT00396,2호기,B조,가공업체,161.9,43.23,168.1,5.4,37.8,63.1,불량
LOT00397,1호기,B조,가공업체,189.2,44.09,141.5,7.13,46.1,63.1,양품
LOT00398,3호기,B조,다공업체,200.9,46.06,145.1,5.55,29.2,59.7,양품
LOT00399,1호기,A조,나공업체,192.1,49.09,157.3,8.89,37.4,61.4,양품
LOT00400,2호기,B조,가공업체,157.7,41.11,137.6,6.69,29.9,65.0,양품
LOT00401,4호기,B조,가공업체,207.5,45.69,150.9,6.46,43.8,79.4,양품
LOT00402,4호기,B조,나공업체,198.8,43.78,172.6,6.28,35.9,47.6,불량
LOT00403,2호기,C조,가공업체,179.4,44.14,144.6,5.67,50.9,72.7,양품
LOT00404,2호기,C조,나공업체,175.7,46.98,131.1,5.62,46.1,31.8,양품
LOT00405,1호기,B조,가공업체,183.1,32.09,133.6,6.68,28.9,56.8,양품
LOT00406,1호기,A조,다공업체,181.6,38.56,135.6,8.03,46.8,43.2,양품
LOT00407,3호기,C조,나공업체,184.6,45.94,171.7,5.77,42.8,58.3,양품
LOT00408,3호기,B조,나공업체,202.1,38.02,172.5,6.89,42.2,87.2,양품
LOT00409,3호기,C조,가공업체,172.1,44.54,187.6,4.7,28.0,63.1,양품
LOT00410,3호기,C조,다공업체,192.8,48.58,152.7,6.09,32.9,51.1,불량
LOT00411,4호기,C조,다공업체,180.8,48.24,142.9,5.4,51.9,76.2,양품
LOT00412,2호기,B조,나공업체,169.1,42.86,163.6,5.06,25.9,36.8,양품
LOT00413,2호기,C조,가공업체,170.2,43.18,146.9,6.44,23.2,61.7,양품
LOT00414,3호기,C조,나공업체,189.7,44.84,174.1,6.34,44.6,52.4,양품
LOT00415,3호기,C조,다공업체,161.9,40.98,149.6,4.68,40.1,75.2,불량
LOT00416,4호기,B조,가공업체,195.8,50.8,155.7,7.1,38.2,64.9,양품
LOT00417,3호기,A조,가공업체,190.4,41.61,165.6,4.99,33.4,61.0,양품
LOT00418,3호기,C조,가공업체,177.5,46.38,172.3,5.92,43.4,72.7,양품
LOT00419,4호기,C조,가공업체,177.7,44.09,132.2,6.71,56.2,52.9,양품
LOT00420,3호기,B조,가공업체,172.8,43.81,165.8,7.73,50.1,69.4,양품
LOT00421,3호기,B조,가공업체,196.5,39.89,153.4,6.07,35.4,42.8,양품
LOT00422,1호기,B조,다공업체,203.9,50.87,119.1,5.91,47.6,54.4,양품
LOT00423,2호기,A조,가공업체,181.1,43.62,141.5,5.53,35.4,49.9,양품
LOT00424,2호기,B조,가공업체,186.9,49.78,159.1,6.37,28.8,55.4,양품
LOT00425,1호기,B조,가공업체,186.6,42.8,150.4,6.41,27.0,75.4,양품
LOT00426,3호기,A조,나공업체,184.5,38.78,138.7,4.98,44.9,58.6,양품
LOT00427,3호기,C조,가공업체,190.2,35.47,162.5,6.89,40.2,52.4,불량
LOT00428,1호기,A조,가공업체,202.6,36.7,182.7,4.77,36.9,59.5,양품
LOT00429,1호기,A조,가공업체,206.1,45.63,133.7,5.7,29.8,37.8,양품
LOT00430,1호기,B조,가공업체,181.0,43.0,166.6,7.19,46.6,45.6,양품
LOT00431,1호기,B조,나공업체,177.9,27.65,130.6,7.2,54.1,59.6,양품
LOT00432,3호기,B조,나공업체,181.4,37.37,151.2,4.92,52.6,49.9,양품
LOT00433,2호기,C조,나공업체,189.5,37.36,157.4,6.83,40.4,38.5,불량
LOT00434,1호기,C조,가공업체,174.2,36.37,139.5,6.38,28.5,67.1,양품
LOT00435,4호기,B조,가공업체,194.1,43.42,149.7,8.1,28.9,36.5,양품
LOT00436,1호기,A조,가공업체,197.3,47.78,157.0,8.32,31.1,70.3,양품
LOT00437,3호기,A조,가공업체,181.5,39.53,146.6,5.7,39.5,42.2,양품
LOT00438,4호기,B조,가공업체,184.3,45.66,117.4,8.45,27.2,49.7,양품
LOT00439,3호기,C조,가공업체,158.2,43.91,161.4,6.65,26.0,51.6,양품
LOT00440,2호기,B조,나공업체,190.2,38.66,166.6,7.11,35.1,44.6,양품
LOT00441,2호기,A조,가공업체,194.9,46.44,130.2,6.47,34.1,36.2,양품
LOT00442,2호기,A조,가공업체,190.4,38.2,187.1,5.26,32.9,46.9,양품
LOT00443,2호기,A조,다공업체,198.7,40.17,115.3,5.27,39.0,58.6,불량
LOT00444,2호기,C조,가공업체,208.4,55.29,145.0,6.46,27.0,64.7,양품
LOT00445,1호기,C조,다공업체,173.4,53.03,152.7,4.81,39.1,55.0,양품
LOT00446,4호기,A조,가공업체,177.3,38.59,134.7,5.27,39.9,62.9,양품
LOT00447,4호기,C조,가공업체,167.8,38.15,143.7,6.47,41.2,41.2,양품
LOT00448,4호기,B조,가공업체,190.1,41.61,151.1,6.06,45.3,55.2,양품
LOT00449,1호기,C조,나공업체,178.3,39.78,113.3,6.1,24.5,45.9,양품
LOT00450,2호기,A조,가공업체,217.5,38.48,137.0,5.76,32.8,42.7,불량
LOT00451,1호기,A조,가공업체,201.2,44.33,147.1,5.86,48.8,61.5,양품
LOT00452,1호기,B조,나공업체,184.8,42.57,155.9,5.15,41.3,50.7,양품
LOT00453,2호기,B조,가공업체,182.6,39.86,123.0,4.85,41.3,40.3,양품
LOT00454,2호기,C조,나공업체,192.3,43.26,157.4,5.87,29.3,51.5,양품
LOT00455,3호기,C조,가공업체,198.2,37.22,125.2,5.33,38.7,68.3,양품
LOT00456,2호기,B조,가공업체,166.5,40.53,148.3,6.35,42.8,43.2,양품
LOT00457,3호기,C조,다공업체,182.2,39.75,139.7,7.56,29.8,66.3,양품
LOT00458,1호기,B조,가공업체,196.0,48.01,165.5,5.26,44.4,49.2,양품
LOT00459,3호기,A조,가공업체,202.4,38.41,144.6,5.96,45.7,66.1,양품
LOT00460,3호기,C조,나공업체,183.3,49.81,116.9,7.09,38.5,74.0,불량
LOT00461,3호기,C조,다공업체,172.3,47.08,165.1,5.41,25.3,63.0,양품
LOT00462,2호기,C조,가공업체,186.6,31.02,134.8,6.97,31.2,39.6,양품
LOT00463,4호기,B조,가공업체,175.3,34.95,143.6,6.36,52.7,64.0,불량
LOT00464,3호기,C조,가공업체,185.4,47.43,167.2,7.24,47.6,56.6,양품
LOT00465,1호기,B조,나공업체,180.2,31.89,172.0,6.63,41.4,45.7,양품
LOT00466,1호기,C조,다공업체,192.5,38.08,154.4,5.7,30.6,81.7,양품
LOT00467,2호기,A조,나공업체,176.9,33.25,172.1,5.19,25.4,49.2,불량
LOT00468,1호기,C조,나공업체,201.5,47.25,138.3,5.59,41.9,38.8,양품
LOT00469,1호기,C조,가공업체,172.4,38.64,165.5,5.65,40.4,50.5,양품
LOT00470,2호기,B조,나공업체,189.2,42.07,157.4,7.99,31.0,57.4,양품
LOT00471,3호기,A조,가공업체,192.6,39.83,149.9,5.81,37.0,28.1,양품
LOT00472,2호기,B조,나공업체,194.2,47.4,160.9,5.57,12.1,62.9,불량
LOT00473,2호기,C조,나공업체,180.7,47.32,156.8,5.91,35.9,64.2,양품
LOT00474,1호기,C조,다공업체,148.8,43.9,127.5,6.19,38.5,75.7,불량
LOT00475,1호기,B조,다공업체,206.6,40.22,164.4,6.75,27.0,68.5,양품
LOT00476,1호기,C조,가공업체,194.9,38.19,132.3,5.28,32.3,69.4,양품
LOT00477,2호기,A조,가공업체,169.4,45.22,127.9,5.26,24.2,43.6,불량
LOT00478,1호기,A조,다공업체,183.9,43.94,145.8,5.78,29.2,77.6,양품
LOT00479,1호기,C조,가공업체,196.4,44.53,135.7,5.9,31.6,72.5,불량
LOT00480,3호기,C조,가공업체,190.4,28.23,181.0,5.65,39.4,52.0,양품
LOT00481,4호기,B조,가공업체,188.4,50.6,135.8,5.72,44.4,64.3,양품
LOT00482,2호기,A조,가공업체,161.8,43.64,155.2,6.17,42.0,39.7,양품
LOT00483,3호기,C조,가공업체,209.1,47.06,141.5,5.9,35.1,78.3,양품
LOT00484,3호기,A조,나공업체,164.5,42.8,155.7,6.13,22.9,38.4,양품
LOT00485,2호기,A조,다공업체,165.4,33.74,163.6,5.88,37.0,57.1,양품
LOT00486,1호기,A조,가공업체,172.2,44.05,136.1,6.01,23.6,71.8,양품
LOT00487,3호기,A조,가공업체,162.3,42.75,151.8,6.67,40.7,58.1,양품
LOT00488,3호기,C조,나공업체,189.2,37.56,191.5,5.84,39.9,46.9,양품
LOT00489,3호기,B조,가공업체,171.2,48.65,169.2,5.99,43.5,61.5,양품
LOT00490,2호기,C조,가공업체,189.3,43.33,114.8,6.27,32.4,44.1,양품
LOT00491,3호기,B조,다공업체,182.0,40.37,145.1,7.17,44.9,66.9,양품
LOT00492,1호기,B조,다공업체,188.8,31.93,129.8,6.92,31.9,59.5,불량
LOT00493,3호기,B조,나공업체,180.6,38.83,164.9,6.4,35.3,42.6,양품
LOT00494,4호기,A조,나공업체,180.3,32.9,150.6,5.23,26.4,60.1,양품
LOT00495,1호기,B조,가공업체,198.2,35.58,145.1,5.3,33.0,68.1,양품
LOT00496,1호기,C조,가공업체,168.4,36.32,146.5,7.49,34.1,32.9,양품
LOT00497,2호기,B조,나공업체,172.9,43.32,181.0,5.62,30.9,39.5,양품
LOT00498,2호기,B조,가공업체,172.1,38.05,141.2,5.15,37.4,42.0,양품
LOT00499,1호기,C조,가공업체,170.1,40.95,182.7,6.61,45.8,53.8,양품
LOT00500,1호기,B조,가공업체,200.0,31.96,163.5,7.01,47.6,59.3,양품
LOT00501,1호기,B조,나공업체,189.5,50.21,164.5,7.88,44.2,66.7,양품
LOT00502,3호기,A조,다공업체,188.8,39.69,141.9,6.26,49.1,52.3,불량
LOT00503,2호기,C조,다공업체,186.4,42.18,153.9,6.07,36.6,42.7,양품
LOT00504,2호기,C조,가공업체,195.6,31.15,159.1,4.9,23.9,87.0,양품
LOT00505,2호기,C조,다공업체,171.0,46.89,157.6,6.27,31.3,47.1,양품
LOT00506,3호기,B조,가공업체,166.1,42.48,154.7,6.16,39.6,65.8,양품
LOT00507,1호기,A조,나공업체,176.9,50.39,178.3,7.22,35.9,55.9,양품
LOT00508,1호기,C조,가공업체,166.2,41.25,147.4,7.73,24.6,47.3,양품
LOT00509,2호기,B조,나공업체,182.1,50.7,148.4,6.89,45.1,64.3,불량
LOT00510,3호기,C조,다공업체,177.3,41.03,164.6,6.46,35.0,40.6,양품
LOT00511,3호기,B조,가공업체,162.6,40.96,147.6,4.9,30.2,36.7,양품
LOT00512,2호기,C조,가공업체,192.3,41.12,149.1,4.62,12.1,58.1,양품
LOT00513,3호기,B조,가공업체,169.3,43.73,143.7,5.52,42.5,42.8,불량
LOT00514,4호기,C조,나공업체,182.4,45.06,127.3,5.46,34.8,44.6,양품
LOT00515,4호기,B조,나공업체,174.3,44.1,163.4,6.36,28.3,70.3,양품
LOT00516,3호기,A조,가공업체,196.5,34.91,163.5,6.57,45.0,66.1,양품
LOT00517,1호기,B조,나공업체,194.4,37.56,121.8,6.26,23.9,47.4,양품
LOT00518,1호기,C조,가공업체,193.3,38.78,162.3,6.11,35.0,50.4,양품
LOT00519,3호기,C조,가공업체,194.1,44.07,152.3,7.32,38.6,63.9,양품
LOT00520,1호기,A조,다공업체,197.9,45.69,175.9,6.38,22.6,54.2,양품
LOT00521,1호기,C조,가공업체,189.4,48.59,156.7,6.6,30.1,47.2,불량
LOT00522,2호기,B조,다공업체,194.6,49.0,130.9,4.85,31.9,34.2,불량
LOT00523,1호기,A조,가공업체,169.7,38.0,146.3,6.49,43.2,58.2,불량
LOT00524,1호기,C조,나공업체,181.6,39.84,139.0,5.98,51.9,58.7,양품
LOT00525,2호기,B조,나공업체,189.8,35.1,166.9,7.0,47.3,73.7,양품
LOT00526,2호기,C조,다공업체,182.0,48.74,117.0,6.25,47.9,50.6,불량
LOT00527,2호기,B조,가공업체,210.5,51.56,150.0,6.04,37.5,40.2,불량
LOT00528,2호기,B조,다공업체,180.8,44.28,164.2,6.8,23.4,43.9,양품
LOT00529,2호기,B조,가공업체,183.1,54.62,113.1,6.04,38.2,50.6,양품
LOT00530,3호기,B조,가공업체,172.6,40.21,136.6,6.25,34.4,56.3,양품
LOT00531,1호기,B조,다공업체,209.1,37.96,132.9,5.59,28.9,65.8,양품
LOT00532,3호기,C조,가공업체,183.1,37.76,169.4,7.44,18.6,56.5,불량
LOT00533,2호기,C조,다공업체,183.2,37.95,174.2,5.73,42.1,47.7,양품
LOT00534,1호기,B조,다공업체,198.7,53.14,141.4,5.13,13.9,49.3,양품
LOT00535,2호기,B조,가공업체,185.3,50.08,148.7,6.94,33.8,62.0,양품
LOT00536,2호기,A조,가공업체,167.3,35.43,158.5,5.02,38.6,48.7,양품
LOT00537,2호기,A조,나공업체,194.5,45.43,162.8,6.19,35.3,63.8,불량
LOT00538,3호기,C조,나공업체,202.3,46.96,132.3,7.25,38.2,77.1,양품
LOT00539,1호기,C조,나공업체,203.0,41.26,146.1,4.28,37.7,60.2,양품
LOT00540,1호기,C조,가공업체,177.5,34.4,147.0,6.6,31.2,47.0,불량
LOT00541,3호기,B조,가공업체,176.4,47.1,156.2,7.33,44.3,38.8,양품
LOT00542,3호기,C조,가공업체,170.5,42.32,159.3,5.19,37.4,53.6,양품
LOT00543,4호기,C조,나공업체,195.8,49.17,123.5,7.16,43.3,44.1,양품
LOT00544,2호기,C조,나공업체,170.2,42.6,148.5,8.44,45.2,40.0,양품
LOT00545,2호기,A조,다공업체,175.9,36.73,150.7,5.72,31.3,51.5,불량
LOT00546,3호기,C조,나공업체,183.9,36.35,148.1,5.28,42.9,74.3,양품
LOT00547,2호기,B조,가공업체,169.2,38.41,148.3,6.6,21.4,45.4,양품
LOT00548,4호기,A조,나공업체,183.9,34.56,134.9,5.61,38.1,50.9,불량
LOT00549,2호기,B조,가공업체,195.7,31.39,139.4,5.68,18.7,54.5,양품
LOT00550,3호기,A조,나공업체,186.5,37.56,115.7,5.12,32.1,54.9,불량
LOT00551,3호기,B조,가공업체,195.7,56.79,180.1,8.32,34.0,66.6,양품
LOT00552,2호기,A조,다공업체,182.5,51.58,138.8,5.67,18.4,52.8,양품
LOT00553,1호기,C조,가공업체,201.3,44.54,132.8,5.8,48.2,81.4,불량
LOT00554,2호기,B조,가공업체,183.4,42.73,153.0,6.98,38.2,56.7,양품
LOT00555,4호기,A조,가공업체,176.1,46.31,164.7,4.3,38.7,34.6,양품
LOT00556,3호기,A조,나공업체,166.5,50.01,131.3,6.06,29.3,49.0,불량
LOT00557,2호기,C조,가공업체,194.2,45.18,166.8,6.84,47.0,46.0,양품
LOT00558,2호기,C조,가공업체,181.3,36.11,188.3,6.73,40.9,77.0,양품
LOT00559,4호기,B조,가공업체,224.4,40.03,180.0,7.75,37.6,59.3,양품
LOT00560,4호기,B조,나공업체,191.8,32.89,155.7,6.17,29.6,34.1,불량
LOT00561,2호기,A조,나공업체,189.2,34.5,135.1,7.02,20.5,57.4,양품
LOT00562,1호기,C조,가공업체,156.6,37.31,168.7,6.45,36.7,73.5,양품
LOT00563,1호기,A조,나공업체,203.4,44.62,143.0,6.1,44.3,67.2,불량
LOT00564,1호기,B조,다공업체,196.9,42.26,147.9,7.2,38.8,42.1,양품
LOT00565,3호기,A조,가공업체,186.5,39.51,146.2,6.65,37.9,56.0,불량
LOT00566,1호기,B조,가공업체,173.0,43.42,146.8,5.36,42.7,60.1,양품
LOT00567,1호기,C조,나공업체,159.1,49.52,166.8,6.51,29.0,68.6,불량
LOT00568,1호기,B조,가공업체,174.2,35.84,167.3,6.57,16.6,52.2,양품
LOT00569,4호기,C조,가공업체,167.8,38.35,166.0,6.58,33.6,58.4,불량
LOT00570,2호기,A조,다공업체,182.9,39.76,154.6,5.58,48.1,50.2,양품
LOT00571,1호기,C조,나공업체,190.7,41.41,170.2,7.51,35.9,53.8,양품
LOT00572,2호기,B조,다공업체,189.0,49.29,143.9,5.4,36.7,50.0,불량
LOT00573,2호기,A조,가공업체,191.0,44.57,127.0,6.43,40.7,62.2,양품
LOT00574,1호기,A조,가공업체,201.9,32.67,151.0,7.47,42.0,54.7,양품
LOT00575,1호기,C조,가공업체,181.1,46.38,132.9,6.41,37.8,66.4,양품
LOT00576,3호기,C조,나공업체,179.8,42.52,173.7,4.75,26.4,33.2,양품
LOT00577,3호기,B조,나공업체,167.4,38.24,141.6,6.03,46.6,71.3,양품
LOT00578,3호기,B조,가공업체,179.9,41.97,117.8,5.64,22.2,66.3,불량
LOT00579,1호기,A조,나공업체,207.9,37.24,142.9,5.72,28.6,60.0,양품
LOT00580,2호기,B조,가공업체,206.2,34.65,161.1,6.38,28.0,83.3,양품
LOT00581,2호기,A조,가공업체,185.0,33.81,,5.15,49.1,63.6,불량
LOT00582,1호기,A조,나공업체,169.8,43.44,177.9,5.33,21.5,62.2,양품
LOT00583,1호기,A조,다공업체,189.4,50.46,125.3,6.52,12.9,60.8,양품
LOT00584,4호기,A조,가공업체,171.2,43.14,149.2,6.81,53.9,53.5,양품
LOT00585,2호기,A조,다공업체,179.4,46.85,152.9,7.69,26.1,57.9,양품
LOT00586,3호기,A조,나공업체,201.8,44.64,149.2,6.5,44.8,68.8,양품
LOT00587,1호기,C조,다공업체,165.7,44.17,160.0,6.33,29.7,43.6,양품
LOT00588,3호기,B조,가공업체,171.2,41.44,,5.05,33.5,53.6,불량
LOT00589,3호기,C조,나공업체,158.8,42.47,151.9,5.65,46.0,75.6,불량
LOT00590,2호기,C조,나공업체,201.1,53.8,107.4,7.13,21.7,47.1,불량
LOT00591,1호기,C조,다공업체,189.8,35.1,127.6,6.37,51.0,42.5,양품
LOT00592,1호기,B조,다공업체,193.0,38.17,152.1,7.12,49.0,37.4,양품
LOT00593,1호기,C조,가공업체,181.4,38.43,163.1,6.09,54.7,55.9,양품
LOT00594,3호기,B조,나공업체,205.1,41.49,169.7,5.71,23.5,55.9,불량
LOT00595,1호기,C조,나공업체,184.1,41.56,149.5,7.04,33.1,72.7,양품
LOT00596,2호기,B조,가공업체,176.2,43.35,116.5,6.09,15.3,54.3,양품
LOT00597,3호기,B조,가공업체,171.4,44.37,82.1,6.82,32.2,67.5,양품
LOT00598,1호기,B조,나공업체,182.9,42.89,,4.91,36.9,48.1,양품
LOT00599,3호기,A조,나공업체,217.3,24.22,125.3,7.03,39.0,49.7,불량
LOT00600,3호기,C조,가공업체,185.9,40.5,152.3,6.21,33.2,65.9,양품
LOT00601,3호기,B조,다공업체,179.0,37.68,171.1,6.08,43.3,51.9,양품
LOT00602,4호기,A조,나공업체,197.3,37.04,148.4,6.56,48.6,63.5,불량
LOT00603,3호기,B조,나공업체,173.6,38.15,171.2,5.44,43.4,35.6,양품
LOT00604,1호기,B조,가공업체,188.3,42.85,119.2,5.99,28.5,63.8,양품
LOT00605,1호기,A조,가공업체,179.8,53.09,115.1,5.39,51.1,55.3,불량
LOT00606,3호기,B조,가공업체,198.2,46.46,135.7,6.69,41.5,45.9,양품
LOT00607,1호기,A조,나공업체,201.0,44.73,132.7,6.62,16.5,52.5,양품
LOT00608,1호기,B조,나공업체,190.4,51.24,135.6,5.74,26.4,41.9,불량
LOT00609,1호기,C조,나공업체,197.9,49.3,153.7,7.38,24.4,79.4,양품
LOT00610,1호기,C조,가공업체,192.8,37.54,157.0,7.48,40.4,63.1,양품
LOT00611,2호기,C조,가공업체,172.1,42.91,143.3,6.74,37.8,52.7,양품
LOT00612,1호기,C조,가공업체,183.4,60.84,133.6,5.71,37.9,67.3,불량
LOT00613,2호기,A조,나공업체,166.4,38.44,132.7,5.89,31.7,55.2,양품
LOT00614,1호기,B조,나공업체,187.5,35.13,127.3,5.97,46.8,29.7,양품
LOT00615,1호기,B조,가공업체,195.1,40.21,166.2,7.31,29.4,42.0,양품
LOT00616,2호기,A조,가공업체,173.1,44.5,213.0,7.05,32.7,59.5,양품
LOT00617,3호기,B조,가공업체,190.5,39.43,171.1,7.11,40.8,64.3,양품
LOT00618,2호기,C조,나공업체,169.8,39.83,128.5,7.06,25.9,47.9,양품
LOT00619,3호기,C조,가공업체,169.9,34.91,118.6,5.32,42.2,45.0,불량
LOT00620,1호기,A조,가공업체,193.8,45.26,144.2,5.71,34.9,38.2,양품
LOT00621,4호기,B조,가공업체,195.0,36.96,136.5,9.07,37.0,39.6,불량
LOT00622,1호기,C조,가공업체,160.2,38.3,133.9,6.59,35.3,33.1,양품
LOT00623,4호기,A조,다공업체,185.3,44.02,145.6,6.23,38.3,24.6,양품
LOT00624,4호기,A조,가공업체,165.8,43.79,156.3,7.38,26.7,51.6,불량
LOT00625,2호기,B조,나공업체,194.5,44.27,165.8,5.96,43.0,74.5,양품
LOT00626,3호기,C조,다공업체,205.4,37.55,150.7,5.78,39.6,55.1,양품
LOT00627,2호기,B조,나공업체,176.4,38.69,147.1,6.65,50.3,51.1,양품
LOT00628,2호기,A조,가공업체,179.4,39.2,120.4,6.22,30.3,69.6,양품
LOT00629,1호기,A조,다공업체,174.4,52.78,176.8,6.65,30.8,65.7,불량
LOT00630,3호기,B조,가공업체,162.8,44.66,146.5,7.21,38.6,79.6,양품
LOT00631,2호기,A조,가공업체,166.2,42.65,122.7,5.98,50.4,77.4,양품
LOT00632,1호기,A조,나공업체,187.0,38.0,171.9,5.41,41.5,47.7,양품
LOT00633,1호기,B조,다공업체,172.9,35.36,162.0,7.5,35.1,38.4,양품
LOT00634,2호기,C조,가공업체,171.4,43.54,147.9,7.09,41.9,59.5,양품
LOT00635,3호기,B조,다공업체,203.8,50.48,132.6,5.85,37.2,32.3,양품
LOT00636,1호기,A조,가공업체,195.4,43.48,154.2,5.7,23.0,62.4,양품
LOT00637,2호기,A조,가공업체,170.7,44.74,130.2,5.99,39.0,53.6,양품
LOT00638,2호기,C조,가공업체,192.2,44.71,153.7,5.97,39.4,26.2,양품
LOT00639,1호기,B조,가공업체,209.6,47.72,156.9,6.17,33.8,49.4,불량
LOT00640,2호기,C조,가공업체,155.8,40.92,159.6,5.41,34.4,57.7,양품
LOT00641,3호기,B조,가공업체,173.2,36.29,157.2,7.4,49.0,27.4,양품
LOT00642,1호기,A조,가공업체,159.3,46.08,144.7,6.88,32.4,60.9,양품
LOT00643,1호기,C조,가공업체,189.1,46.38,176.3,5.18,33.7,54.5,양품
LOT00644,1호기,A조,다공업체,206.4,34.29,135.2,6.32,31.2,78.7,양품
LOT00645,1호기,A조,가공업체,208.5,38.54,136.7,6.81,33.4,64.3,불량
LOT00646,1호기,C조,가공업체,192.7,47.22,144.1,5.89,35.9,73.7,양품
LOT00647,1호기,B조,다공업체,196.8,39.83,151.4,7.0,39.5,60.0,양품
LOT00648,1호기,B조,가공업체,198.8,39.92,148.3,6.35,50.1,63.7,불량
LOT00649,4호기,A조,나공업체,183.1,35.25,116.1,5.6,55.7,40.4,불량
LOT00650,4호기,B조,다공업체,170.5,34.69,150.3,6.92,46.0,67.2,양품
LOT00651,4호기,A조,가공업체,191.7,43.72,131.0,7.28,33.0,46.3,양품
LOT00652,1호기,C조,가공업체,170.6,36.14,154.5,5.36,37.2,55.4,양품
LOT00653,2호기,B조,가공업체,163.5,42.06,142.9,6.02,42.8,72.3,양품
LOT00654,2호기,C조,가공업체,183.1,47.15,145.2,6.04,29.7,76.4,양품
LOT00655,3호기,C조,가공업체,215.5,42.9,142.3,6.3,31.1,49.6,양품
LOT00656,1호기,C조,다공업체,201.7,48.31,168.7,3.44,39.7,53.4,불량
LOT00657,4호기,B조,가공업체,168.5,45.27,165.2,5.3,44.5,82.4,양품
LOT00658,2호기,A조,가공업체,192.7,54.86,127.6,5.02,52.5,59.2,양품
LOT00659,3호기,A조,다공업체,190.2,39.55,153.0,6.16,36.8,56.6,양품
LOT00660,3호기,A조,가공업체,194.2,30.85,144.6,5.99,28.7,49.0,불량
LOT00661,1호기,A조,가공업체,161.3,37.47,147.2,5.35,43.4,69.0,불량
LOT00662,4호기,C조,나공업체,185.2,46.23,,5.25,41.7,59.0,양품
LOT00663,2호기,B조,가공업체,187.7,51.25,173.2,5.63,35.3,53.9,양품
LOT00664,2호기,A조,가공업체,202.8,45.5,172.3,7.29,29.4,52.3,양품
LOT00665,4호기,C조,나공업체,205.5,43.12,110.9,5.63,23.4,74.1,불량
LOT00666,1호기,A조,다공업체,178.2,41.02,139.2,5.63,32.5,53.5,양품
LOT00667,2호기,A조,가공업체,176.4,49.41,168.9,5.33,30.7,58.4,양품
LOT00668,2호기,A조,다공업체,169.3,39.45,158.7,5.67,46.2,51.5,양품
LOT00669,3호기,B조,나공업체,157.3,43.49,147.7,6.51,32.5,54.9,양품
LOT00670,1호기,C조,다공업체,177.6,44.01,157.5,5.96,26.7,62.4,불량
LOT00671,2호기,B조,가공업체,191.2,45.77,146.3,6.24,40.0,52.9,양품
LOT00672,3호기,C조,다공업체,166.8,43.1,168.2,7.4,27.3,63.5,불량
LOT00673,4호기,B조,나공업체,198.7,46.07,131.4,5.25,31.2,62.7,불량
LOT00674,4호기,B조,가공업체,172.5,40.94,130.5,5.71,29.5,60.7,양품
LOT00675,1호기,C조,가공업체,176.0,38.2,138.6,5.21,20.9,63.4,양품
LOT00676,1호기,A조,가공업체,189.1,41.57,162.8,4.33,28.9,68.6,양품
LOT00677,2호기,B조,가공업체,168.6,54.57,162.2,7.19,34.4,61.0,불량
LOT00678,1호기,C조,나공업체,190.2,47.29,134.6,6.87,22.8,43.9,양품
LOT00679,2호기,B조,가공업체,193.7,43.08,170.5,7.77,40.7,55.3,양품
LOT00680,3호기,C조,나공업체,178.3,48.06,123.0,7.42,41.8,48.5,양품
LOT00681,4호기,C조,나공업체,188.9,44.39,173.8,6.52,32.5,57.3,불량
LOT00682,1호기,B조,가공업체,184.4,36.73,140.7,6.9,51.4,54.2,불량
LOT00683,1호기,C조,다공업체,189.0,47.76,,6.69,48.3,66.8,양품
LOT00684,4호기,A조,가공업체,151.7,39.93,132.4,7.45,40.1,69.1,불량
LOT00685,4호기,B조,가공업체,196.4,34.98,134.2,4.72,43.4,70.9,불량
LOT00686,3호기,A조,가공업체,208.6,46.12,139.4,5.82,35.6,62.6,양품
LOT00687,1호기,A조,가공업체,181.7,32.97,141.0,5.96,38.0,42.4,양품
LOT00688,1호기,C조,가공업체,179.3,38.64,159.6,6.27,25.0,60.8,양품
LOT00689,2호기,C조,가공업체,211.6,41.99,176.1,7.87,54.7,81.5,양품
LOT00690,1호기,C조,가공업체,162.9,43.09,171.0,5.23,26.2,52.0,양품
LOT00691,3호기,A조,가공업체,196.0,42.96,178.8,7.01,28.6,46.1,양품
LOT00692,1호기,C조,가공업체,173.9,36.77,121.3,5.23,58.7,50.1,불량
LOT00693,3호기,C조,나공업체,195.2,43.09,160.1,6.06,45.9,61.5,양품
LOT00694,1호기,B조,가공업체,163.4,48.76,107.4,4.47,42.4,31.6,불량
LOT00695,1호기,A조,가공업체,174.9,45.34,137.0,6.53,49.2,37.1,양품
LOT00696,1호기,A조,가공업체,190.4,33.65,129.6,6.12,31.1,40.9,양품
LOT00697,1호기,A조,가공업체,176.6,36.81,131.6,5.41,43.3,55.9,양품
LOT00698,2호기,B조,가공업체,177.6,46.19,182.4,5.87,28.6,57.5,불량
LOT00699,1호기,C조,가공업체,188.6,41.01,154.8,7.07,20.7,53.5,양품
LOT00700,1호기,C조,가공업체,209.2,43.4,,5.26,37.5,55.4,양품
LOT00701,2호기,A조,나공업체,181.0,44.86,115.2,7.94,36.1,65.9,불량
LOT00702,4호기,B조,나공업체,195.7,51.43,149.8,4.75,43.9,47.6,양품
LOT00703,2호기,B조,가공업체,193.5,34.01,149.5,6.09,34.9,58.2,양품
LOT00704,1호기,C조,다공업체,184.9,33.37,164.2,4.87,31.2,23.3,양품
LOT00705,1호기,B조,가공업체,175.4,45.28,138.3,6.87,42.6,55.0,불량
LOT00706,1호기,A조,가공업체,168.1,48.12,162.6,7.52,17.0,31.0,양품
LOT00707,2호기,B조,나공업체,178.1,48.9,136.3,5.92,43.5,46.7,양품
LOT00708,2호기,A조,나공업체,177.7,34.11,149.1,5.2,44.7,78.7,양품
LOT00709,4호기,C조,가공업체,172.6,40.44,149.2,6.41,48.0,61.7,양품
LOT00710,4호기,A조,가공업체,168.5,42.36,151.3,6.29,40.5,54.4,불량
LOT00711,2호기,A조,다공업체,193.5,47.51,145.5,6.43,33.7,82.5,불량
LOT00712,2호기,B조,다공업체,152.7,37.98,141.7,6.23,55.8,44.9,양품
LOT00713,3호기,A조,나공업체,155.3,41.29,147.6,5.35,42.3,71.7,불량
LOT00714,2호기,A조,가공업체,193.5,41.43,190.0,6.3,51.9,60.9,양품
LOT00715,1호기,B조,가공업체,194.3,36.35,145.8,6.2,27.6,45.0,양품
LOT00716,1호기,B조,다공업체,175.7,41.8,160.1,7.06,34.8,55.2,양품
LOT00717,4호기,C조,가공업체,172.3,33.81,159.5,4.9,34.2,58.2,불량
LOT00718,2호기,A조,다공업체,185.3,38.73,147.4,7.59,56.4,46.1,양품
LOT00719,1호기,A조,나공업체,184.5,44.49,146.3,6.37,41.1,63.9,양품
LOT00720,3호기,B조,가공업체,183.1,40.09,147.5,6.7,37.0,73.1,양품
LOT00721,4호기,C조,다공업체,210.8,39.3,155.2,5.62,40.0,51.5,불량
LOT00722,1호기,C조,다공업체,176.3,35.1,121.6,7.24,40.5,67.5,양품
LOT00723,2호기,A조,나공업체,193.8,38.97,151.1,4.91,49.2,63.0,불량
LOT00724,2호기,A조,다공업체,193.3,42.42,161.3,5.66,31.3,69.7,불량
LOT00725,3호기,B조,가공업체,198.2,42.44,132.2,5.7,38.3,54.7,양품
LOT00726,2호기,A조,가공업체,200.7,45.3,146.0,6.64,47.6,65.9,양품
LOT00727,4호기,A조,가공업체,200.6,49.72,147.8,5.28,36.2,64.6,불량
LOT00728,1호기,C조,나공업체,176.1,42.17,137.1,6.62,41.8,68.5,양품
LOT00729,3호기,A조,가공업체,191.6,47.8,154.6,5.03,34.5,55.6,양품
LOT00730,3호기,B조,가공업체,176.5,48.92,135.4,6.93,34.5,62.3,양품
LOT00731,1호기,B조,나공업체,164.6,40.54,166.5,5.69,33.6,54.7,양품
LOT00732,1호기,C조,가공업체,218.4,40.34,114.7,5.66,42.6,59.9,불량
LOT00733,4호기,A조,가공업체,178.0,36.22,152.0,6.66,21.9,44.7,불량
LOT00734,2호기,C조,나공업체,188.4,43.58,145.8,6.85,48.8,38.2,양품
LOT00735,3호기,B조,나공업체,223.5,33.71,170.0,6.46,53.9,63.7,불량
LOT00736,4호기,A조,나공업체,176.0,37.53,142.7,6.46,35.1,41.4,불량
LOT00737,1호기,A조,다공업체,191.5,40.07,156.3,5.75,54.3,57.8,양품
LOT00738,4호기,A조,가공업체,201.8,42.7,141.2,6.43,36.1,62.9,양품
LOT00739,4호기,A조,가공업체,180.5,45.54,169.0,4.87,35.5,78.2,불량
LOT00740,2호기,B조,나공업체,217.3,45.02,,6.5,36.5,40.8,양품
LOT00741,2호기,A조,나공업체,171.2,38.69,158.1,6.9,47.8,49.2,불량
LOT00742,1호기,B조,나공업체,178.5,38.35,140.2,5.05,34.3,58.5,양품
LOT00743,3호기,B조,다공업체,185.8,37.66,159.3,5.17,49.0,41.2,양품
LOT00744,1호기,A조,나공업체,181.2,37.29,152.0,5.96,36.5,78.3,양품
LOT00745,2호기,C조,가공업체,184.3,42.95,137.7,4.66,32.3,60.1,불량
LOT00746,2호기,B조,나공업체,196.8,45.8,175.2,5.8,11.1,54.5,양품
LOT00747,2호기,C조,다공업체,199.5,47.68,115.0,6.11,39.4,57.7,양품
LOT00748,1호기,B조,가공업체,180.0,46.2,140.8,5.52,35.8,58.2,불량
LOT00749,2호기,B조,가공업체,201.2,43.97,152.2,7.03,59.8,40.7,양품
LOT00750,2호기,A조,나공업체,174.3,41.6,142.7,6.14,60.6,71.5,양품
LOT00751,1호기,B조,다공업체,205.3,23.82,132.5,6.46,20.4,38.8,불량
LOT00752,1호기,A조,가공업체,187.3,47.86,128.0,8.06,23.0,40.2,양품
LOT00753,3호기,A조,나공업체,155.7,40.23,161.2,5.52,28.6,42.2,양품
LOT00754,4호기,A조,가공업체,204.6,38.74,153.7,6.52,35.3,37.2,양품
LOT00755,1호기,B조,가공업체,159.5,37.13,166.2,6.19,46.2,58.6,양품
LOT00756,3호기,A조,나공업체,178.8,47.51,,7.52,30.2,27.9,양품
LOT00757,4호기,C조,다공업체,207.3,39.93,189.5,6.05,35.2,44.1,양품
LOT00758,2호기,B조,가공업체,166.9,39.52,139.8,5.28,22.1,35.1,양품
LOT00759,4호기,C조,가공업체,178.2,40.3,156.9,6.2,36.2,43.7,불량
LOT00760,2호기,A조,나공업체,155.6,48.26,159.6,7.37,29.3,44.9,양품
LOT00761,2호기,C조,가공업체,176.9,33.8,,5.02,27.6,61.7,양품
LOT00762,1호기,C조,가공업체,214.9,46.08,147.6,6.87,21.8,64.3,불량
LOT00763,2호기,B조,가공업체,190.2,37.94,164.0,6.38,30.1,47.2,양품
LOT00764,1호기,A조,가공업체,199.7,34.31,113.2,6.17,51.6,43.3,불량
LOT00765,2호기,C조,나공업체,182.3,44.21,108.0,5.43,31.9,59.5,양품
LOT00766,1호기,B조,가공업체,192.7,42.44,140.6,6.85,22.6,53.4,양품
LOT00767,1호기,B조,가공업체,211.8,44.74,167.8,5.75,47.4,65.0,양품
LOT00768,3호기,A조,가공업체,190.2,35.64,,7.43,42.3,58.4,양품
LOT00769,3호기,A조,나공업체,165.2,41.31,172.4,4.88,32.9,48.9,양품
LOT00770,3호기,B조,나공업체,190.8,45.24,139.3,8.07,46.4,56.8,양품
LOT00771,3호기,B조,가공업체,178.5,47.78,133.8,5.32,42.1,70.3,불량
LOT00772,2호기,B조,가공업체,184.3,31.67,152.4,5.56,24.7,46.7,양품
LOT00773,1호기,C조,가공업체,185.3,40.87,130.4,5.47,36.1,57.8,양품
LOT00774,2호기,B조,다공업체,190.6,25.7,161.3,7.61,26.3,28.8,양품
LOT00775,2호기,B조,가공업체,191.5,27.07,144.4,5.58,34.8,29.7,양품
LOT00776,4호기,C조,나공업체,215.5,41.06,160.2,6.12,53.0,38.9,양품
LOT00777,4호기,B조,가공업체,182.9,37.86,,7.08,43.4,43.7,양품
LOT00778,1호기,A조,나공업체,180.2,53.95,194.7,6.58,50.0,72.3,양품
LOT00779,2호기,B조,다공업체,194.5,45.48,178.3,5.99,44.1,43.3,양품
LOT00780,2호기,C조,나공업체,183.4,49.64,139.7,7.08,34.9,55.4,양품
LOT00781,4호기,B조,가공업체,193.7,34.56,141.3,4.75,17.8,44.7,불량
LOT00782,3호기,A조,가공업체,178.1,47.22,,6.82,48.2,78.6,양품
LOT00783,3호기,A조,다공업체,179.8,46.42,144.8,7.48,36.9,54.9,불량
LOT00784,1호기,A조,가공업체,201.2,38.48,149.4,6.31,34.6,58.9,양품
LOT00785,1호기,C조,나공업체,203.0,29.84,161.0,6.4,35.3,57.8,양품
LOT00786,2호기,A조,다공업체,156.7,40.48,132.9,5.62,36.3,42.4,양품
LOT00787,4호기,C조,다공업체,182.4,41.18,130.3,7.35,48.2,61.0,양품
LOT00788,4호기,A조,다공업체,200.5,44.29,138.5,7.1,28.6,54.9,불량
LOT00789,2호기,A조,다공업체,197.9,39.69,135.3,7.13,38.4,61.3,양품
LOT00790,1호기,A조,가공업체,189.8,40.01,143.6,6.19,41.1,70.2,양품
LOT00791,1호기,B조,나공업체,204.7,39.54,122.2,5.37,32.3,63.4,양품
LOT00792,1호기,A조,가공업체,191.6,43.57,168.1,6.7,29.9,65.7,양품
LOT00793,2호기,A조,나공업체,186.2,35.18,,7.06,34.6,48.3,불량
LOT00794,2호기,A조,나공업체,202.7,47.56,141.5,4.66,34.1,72.6,양품
LOT00795,2호기,C조,다공업체,198.2,39.77,165.7,5.37,48.2,40.8,양품
LOT00796,2호기,A조,가공업체,177.2,34.49,171.0,7.51,24.9,62.4,양품
LOT00797,1호기,B조,가공업체,173.3,51.2,156.4,5.94,40.3,61.2,양품
LOT00798,3호기,C조,나공업체,201.0,39.58,173.6,6.05,42.6,65.0,양품
LOT00799,1호기,C조,다공업체,189.4,46.44,150.8,4.66,31.7,44.7,양품
LOT00800,3호기,A조,가공업체,195.2,47.07,181.1,7.44,31.4,50.7,양품
LOT00801,3호기,B조,나공업체,178.4,48.74,141.5,5.5,26.3,60.7,불량
LOT00802,4호기,B조,가공업체,166.8,33.8,146.7,4.77,36.8,26.6,양품
LOT00803,2호기,A조,다공업체,194.4,34.89,116.7,7.02,26.8,91.2,불량
LOT00804,1호기,A조,다공업체,173.6,42.01,153.8,5.16,28.0,78.9,불량
LOT00805,4호기,A조,가공업체,198.3,50.33,,4.85,41.1,56.3,불량
LOT00806,2호기,A조,가공업체,197.7,34.23,157.1,5.96,43.4,62.9,양품
LOT00807,1호기,C조,다공업체,174.8,42.31,170.1,6.66,58.8,59.3,양품
LOT00808,2호기,C조,가공업체,200.4,46.81,163.9,5.89,27.1,50.3,양품
LOT00809,1호기,A조,다공업체,176.3,32.86,150.3,6.02,44.7,60.1,불량
LOT00810,4호기,B조,가공업체,188.5,49.39,162.3,6.2,24.1,69.4,양품
LOT00811,1호기,A조,가공업체,154.0,39.93,142.7,6.87,13.0,42.8,양품
LOT00812,1호기,C조,다공업체,223.0,35.54,177.9,5.54,28.6,46.3,불량
LOT00813,2호기,C조,가공업체,185.4,54.24,160.9,6.56,43.1,51.2,양품
LOT00814,1호기,C조,가공업체,184.6,42.91,156.0,5.42,30.5,31.6,양품
LOT00815,4호기,B조,나공업체,183.3,44.12,149.2,6.47,35.9,67.7,양품
LOT00816,2호기,A조,가공업체,209.1,40.93,128.5,6.15,35.1,51.5,불량
LOT00817,1호기,A조,다공업체,176.2,40.87,149.4,6.75,26.9,61.8,양품
LOT00818,2호기,C조,가공업체,182.9,40.75,176.4,5.59,39.6,52.4,양품
LOT00819,3호기,A조,가공업체,193.9,39.57,135.4,6.43,26.1,53.1,양품
LOT00820,2호기,A조,가공업체,193.6,44.01,161.1,6.49,18.7,79.9,양품
LOT00821,2호기,C조,가공업체,188.5,46.93,209.5,6.91,39.4,48.5,양품
LOT00822,3호기,A조,가공업체,202.2,38.13,139.7,7.14,36.7,60.9,불량
LOT00823,2호기,B조,다공업체,198.1,32.79,133.3,6.67,44.2,65.2,불량
LOT00824,2호기,C조,나공업체,158.4,34.6,148.8,4.92,35.1,53.9,양품
LOT00825,2호기,A조,다공업체,189.8,49.35,131.7,6.64,33.8,27.5,양품
LOT00826,3호기,C조,가공업체,198.3,42.39,151.8,5.49,29.7,67.0,양품
LOT00827,4호기,A조,가공업체,189.6,42.92,151.2,6.96,32.8,40.7,양품
LOT00828,3호기,A조,나공업체,193.9,44.25,145.1,5.7,40.1,52.4,양품
LOT00829,1호기,A조,나공업체,189.3,36.81,149.9,6.68,29.4,86.1,불량
LOT00830,3호기,C조,나공업체,174.7,42.18,165.7,7.45,33.1,52.5,불량
LOT00831,2호기,C조,가공업체,206.3,38.79,157.7,5.84,34.9,65.5,불량
LOT00832,2호기,B조,나공업체,192.3,44.01,,7.3,24.3,28.8,양품
LOT00833,4호기,B조,나공업체,207.2,34.05,154.9,5.04,31.9,35.4,불량
LOT00834,3호기,C조,나공업체,211.6,48.91,132.7,5.47,46.3,58.4,불량
LOT00835,4호기,C조,가공업체,202.2,50.56,144.9,6.44,35.6,54.7,양품
LOT00836,2호기,A조,나공업체,178.3,50.59,,6.5,38.2,63.6,양품
LOT00837,4호기,C조,가공업체,195.1,40.91,163.1,4.91,44.4,53.4,양품
LOT00838,2호기,A조,가공업체,200.5,40.45,139.0,6.75,34.6,74.8,양품
LOT00839,2호기,B조,다공업체,184.4,39.6,,4.88,47.6,50.7,양품
LOT00840,1호기,B조,나공업체,185.7,40.27,167.3,4.43,31.8,46.4,양품
LOT00841,1호기,B조,가공업체,187.3,44.64,142.6,6.72,46.0,58.4,양품
LOT00842,2호기,A조,가공업체,182.4,44.78,138.1,6.28,29.5,72.9,양품
LOT00843,1호기,C조,다공업체,164.6,38.42,174.6,5.33,39.4,44.2,양품
LOT00844,1호기,C조,나공업체,190.1,35.3,139.4,5.19,28.9,38.3,양품
LOT00845,1호기,B조,가공업체,188.8,44.21,135.8,6.22,46.9,64.1,불량
LOT00846,4호기,C조,가공업체,197.2,30.7,178.7,6.92,30.9,61.7,불량
LOT00847,3호기,B조,다공업체,187.7,44.39,136.3,5.99,30.2,54.5,불량
LOT00848,4호기,B조,가공업체,206.1,39.93,120.6,6.76,31.9,52.0,불량
LOT00849,2호기,C조,가공업체,177.7,49.66,144.4,6.49,43.7,72.5,불량
LOT00850,2호기,B조,나공업체,169.3,40.51,128.2,6.73,34.6,51.8,양품
LOT00851,3호기,C조,가공업체,186.0,36.44,165.3,6.68,25.5,46.9,양품
LOT00852,3호기,C조,가공업체,207.6,41.47,122.7,4.81,31.1,60.2,양품
LOT00853,2호기,C조,가공업체,190.0,37.62,121.3,6.24,25.1,60.1,불량
LOT00854,3호기,B조,가공업체,201.4,47.17,157.0,5.59,32.6,61.6,양품
LOT00855,1호기,A조,가공업체,172.1,35.81,180.5,6.35,51.7,46.8,양품
LOT00856,1호기,A조,가공업체,192.1,35.17,119.2,6.55,37.2,74.7,양품
LOT00857,2호기,C조,가공업체,168.8,40.2,,5.99,37.7,69.4,불량
LOT00858,1호기,A조,나공업체,187.1,35.66,123.7,6.69,45.9,51.8,불량
LOT00859,3호기,A조,가공업체,158.0,46.82,124.1,6.21,37.9,64.0,불량
LOT00860,4호기,A조,나공업체,221.3,44.77,132.3,6.76,32.7,64.7,불량
LOT00861,1호기,B조,나공업체,203.3,33.08,167.7,5.95,46.6,71.3,양품
LOT00862,1호기,B조,가공업체,199.9,30.6,157.2,7.66,31.3,57.7,양품
LOT00863,1호기,B조,나공업체,193.5,36.39,138.7,5.39,34.1,66.4,양품
LOT00864,2호기,C조,가공업체,164.6,43.86,141.7,6.76,29.3,56.5,양품
LOT00865,1호기,B조,가공업체,179.5,45.03,140.1,5.33,38.1,39.1,양품
LOT00866,3호기,C조,가공업체,175.5,41.4,160.8,5.52,36.3,43.8,양품
LOT00867,3호기,A조,다공업체,197.1,33.26,151.5,5.83,28.3,57.7,양품
LOT00868,3호기,A조,나공업체,181.0,36.67,171.9,8.35,30.1,61.5,양품
LOT00869,2호기,A조,가공업체,172.3,35.85,108.5,7.45,42.6,59.1,양품
LOT00870,4호기,C조,가공업체,170.4,39.86,142.9,5.96,19.9,71.8,양품
LOT00871,4호기,C조,다공업체,206.7,47.14,150.9,7.37,35.1,40.8,양품
LOT00872,2호기,A조,다공업체,178.2,43.83,132.9,4.35,37.3,40.4,불량
LOT00873,1호기,A조,가공업체,182.2,46.33,120.3,7.3,39.0,54.8,양품
LOT00874,1호기,C조,다공업체,189.3,24.09,119.4,6.75,34.5,93.0,양품
LOT00875,3호기,B조,가공업체,214.5,32.28,136.6,5.9,47.3,73.7,불량
LOT00876,2호기,A조,나공업체,200.7,52.5,166.1,5.6,29.8,58.7,불량
LOT00877,3호기,A조,나공업체,204.7,47.42,112.7,5.82,27.9,59.5,양품
LOT00878,1호기,C조,나공업체,163.6,32.76,117.1,6.75,46.9,61.1,양품
LOT00879,2호기,A조,가공업체,219.1,35.03,155.9,6.19,20.0,64.0,양품
LOT00880,2호기,C조,가공업체,180.3,43.32,151.8,6.48,32.7,35.8,양품
LOT00881,4호기,B조,가공업체,184.1,42.4,145.5,4.85,30.4,54.0,양품
LOT00882,4호기,A조,나공업체,166.2,32.63,143.6,6.54,35.7,49.2,불량
LOT00883,3호기,B조,나공업체,196.2,43.72,141.7,7.15,33.1,62.8,불량
LOT00884,1호기,A조,가공업체,180.6,42.58,142.3,5.71,34.0,75.7,양품
LOT00885,2호기,B조,나공업체,175.7,34.42,130.6,6.11,41.8,62.3,양품
LOT00886,3호기,A조,다공업체,176.4,43.35,147.9,6.2,52.0,47.2,불량
LOT00887,2호기,A조,나공업체,186.2,36.64,155.0,6.35,46.2,38.3,양품
LOT00888,2호기,C조,가공업체,206.1,43.96,157.7,6.32,23.2,58.0,양품
LOT00889,2호기,A조,다공업체,209.5,37.08,117.2,7.6,36.4,55.5,불량
LOT00890,4호기,A조,나공업체,214.2,44.85,172.0,6.96,25.4,49.1,불량
LOT00891,2호기,A조,가공업체,199.5,27.23,168.6,6.79,41.3,58.0,양품
LOT00892,3호기,A조,다공업체,147.8,40.52,162.6,7.21,33.6,57.8,불량
LOT00893,1호기,C조,가공업체,188.2,49.71,156.8,5.35,33.2,66.5,양품
LOT00894,4호기,B조,나공업체,173.1,39.88,148.6,7.0,41.7,56.7,양품
LOT00895,3호기,B조,나공업체,192.1,39.97,146.9,6.46,26.2,49.1,양품
LOT00896,3호기,B조,가공업체,168.4,43.68,166.2,7.66,51.1,74.1,양품
LOT00897,2호기,B조,가공업체,206.8,45.34,166.8,5.17,35.8,51.5,양품
LOT00898,4호기,C조,가공업체,164.7,41.43,158.9,6.21,27.3,48.3,양품
LOT00899,2호기,C조,가공업체,199.9,47.41,163.2,5.23,55.7,58.0,양품
LOT00900,2호기,C조,가공업체,181.5,49.88,155.3,6.45,44.9,53.7,양품
LOT00901,2호기,A조,다공업체,202.2,43.17,134.1,5.79,26.8,46.9,양품
LOT00902,1호기,B조,가공업체,182.8,35.07,133.4,6.52,43.2,35.4,양품
LOT00903,1호기,A조,가공업체,177.1,32.19,153.8,6.43,32.7,60.7,양품
LOT00904,3호기,B조,가공업체,187.6,37.89,123.2,6.61,23.5,58.2,불량
LOT00905,1호기,B조,다공업체,185.0,35.53,147.6,5.24,31.1,53.9,양품
LOT00906,2호기,B조,나공업체,190.8,41.27,165.0,7.09,60.6,59.8,양품
LOT00907,1호기,C조,다공업체,167.9,41.3,157.7,7.14,35.2,66.2,양품
LOT00908,2호기,B조,가공업체,183.7,51.22,140.0,6.79,37.7,53.7,양품
LOT00909,1호기,A조,나공업체,194.0,43.72,162.8,7.38,40.2,54.7,양품
LOT00910,1호기,A조,나공업체,179.2,42.26,181.8,6.41,26.9,58.5,양품
LOT00911,3호기,A조,가공업체,198.0,33.17,159.4,5.83,9.4,45.8,양품
LOT00912,1호기,B조,나공업체,196.4,42.31,154.8,7.62,38.9,69.4,양품
LOT00913,3호기,A조,나공업체,175.9,38.47,,5.4,44.5,64.7,양품
LOT00914,2호기,B조,가공업체,196.0,50.81,179.4,5.62,26.7,65.2,양품
LOT00915,1호기,C조,나공업체,188.4,31.26,146.2,4.49,24.0,48.1,양품
LOT00916,1호기,A조,다공업체,185.4,41.57,160.3,5.85,35.5,48.6,양품
LOT00917,2호기,B조,나공업체,208.3,45.6,103.8,5.21,45.8,45.3,양품
LOT00918,1호기,A조,가공업체,199.5,42.23,116.6,6.65,33.3,43.4,불량
LOT00919,4호기,B조,가공업체,165.7,43.2,169.7,5.46,35.5,72.5,불량
LOT00920,3호기,A조,가공업체,178.3,35.69,159.2,6.06,36.0,36.5,불량
LOT00921,4호기,A조,가공업체,217.1,49.65,154.5,6.37,43.2,31.0,불량
LOT00922,3호기,A조,가공업체,176.2,46.72,155.7,5.6,32.9,70.4,양품
LOT00923,2호기,A조,다공업체,209.5,42.53,141.3,6.95,22.4,61.2,양품
LOT00924,1호기,A조,가공업체,186.6,43.96,145.2,5.83,37.9,48.5,양품
LOT00925,3호기,B조,가공업체,209.0,48.09,136.1,7.62,38.6,40.6,불량
LOT00926,2호기,B조,다공업체,206.3,43.2,145.1,5.57,16.3,56.3,불량
LOT00927,3호기,B조,나공업체,180.6,46.12,140.7,6.62,44.3,41.4,양품
LOT00928,3호기,C조,다공업체,178.4,37.79,157.5,6.42,52.5,58.2,불량
LOT00929,1호기,A조,가공업체,161.8,35.53,135.3,3.26,40.5,52.6,양품
LOT00930,3호기,C조,가공업체,197.0,36.99,163.1,7.05,31.4,75.9,불량
LOT00931,1호기,B조,가공업체,153.5,42.6,135.4,5.32,39.5,55.8,양품
LOT00932,1호기,B조,나공업체,154.1,43.66,186.2,5.69,47.2,59.6,양품
LOT00933,1호기,B조,가공업체,182.9,41.95,137.2,4.67,40.6,59.2,양품
LOT00934,2호기,A조,나공업체,194.7,44.61,165.1,4.65,35.9,55.7,양품
LOT00935,1호기,B조,다공업체,175.6,28.79,141.4,6.24,42.8,61.6,양품
LOT00936,3호기,B조,가공업체,218.2,31.26,140.6,5.29,33.0,62.7,불량
LOT00937,2호기,B조,가공업체,185.8,43.15,124.6,5.6,25.3,54.5,불량
LOT00938,2호기,B조,가공업체,186.8,38.73,151.3,7.08,47.9,52.9,양품
LOT00939,2호기,B조,나공업체,184.1,38.82,139.0,7.69,32.4,59.5,불량
LOT00940,3호기,B조,가공업체,175.7,51.95,,5.92,38.8,24.1,양품
LOT00941,4호기,A조,가공업체,189.8,47.03,130.8,6.37,32.7,78.0,불량
LOT00942,1호기,A조,가공업체,180.3,46.35,157.5,5.04,39.2,50.4,양품
LOT00943,1호기,C조,나공업체,187.4,37.58,131.2,5.92,42.7,37.4,양품
LOT00944,2호기,C조,다공업체,174.3,29.25,147.8,6.89,26.1,59.1,불량
LOT00945,1호기,A조,가공업체,170.0,43.29,122.1,5.05,48.1,21.0,양품
LOT00946,4호기,A조,가공업체,217.5,49.55,156.1,6.01,33.9,74.0,양품
LOT00947,3호기,B조,나공업체,191.5,34.53,150.2,5.8,24.6,38.0,양품
LOT00948,3호기,B조,다공업체,184.5,34.4,143.2,5.98,38.7,57.3,불량
LOT00949,1호기,B조,가공업체,180.8,43.88,139.9,6.21,8.0,73.8,양품
LOT00950,2호기,A조,나공업체,192.1,38.61,,6.89,33.5,72.7,양품
LOT00951,1호기,B조,가공업체,173.8,40.13,115.4,6.92,42.7,40.6,불량
LOT00952,2호기,B조,나공업체,174.8,45.69,142.0,7.23,32.9,71.4,양품
LOT00953,1호기,B조,가공업체,178.8,45.1,140.7,7.11,28.8,67.8,불량
LOT00954,1호기,C조,나공업체,171.7,31.79,152.4,7.14,32.5,52.9,양품
LOT00955,3호기,C조,다공업체,183.7,41.06,163.3,7.25,42.3,66.6,양품
LOT00956,2호기,B조,가공업체,191.2,46.42,171.3,5.96,23.3,54.4,양품
LOT00957,2호기,C조,가공업체,160.4,37.12,148.0,5.47,34.1,76.0,양품
LOT00958,3호기,B조,가공업체,202.8,42.51,145.2,5.16,34.3,68.0,불량
LOT00959,4호기,C조,나공업체,186.3,43.23,154.5,5.86,47.1,60.5,양품
LOT00960,3호기,B조,가공업체,181.6,40.28,176.8,5.14,47.0,41.3,양품
LOT00961,4호기,A조,가공업체,181.1,39.37,176.1,6.53,43.9,67.5,양품
LOT00962,3호기,C조,가공업체,165.5,41.78,182.4,5.99,36.0,56.5,양품
LOT00963,2호기,A조,다공업체,193.3,45.25,140.1,7.43,41.7,66.4,양품
LOT00964,2호기,B조,가공업체,161.2,33.97,135.6,4.15,41.9,53.2,양품
LOT00965,1호기,C조,가공업체,195.7,50.1,183.7,6.78,54.6,44.2,양품
LOT00966,4호기,C조,가공업체,172.9,43.38,,5.84,46.1,62.6,양품
LOT00967,1호기,A조,가공업체,184.9,45.42,143.1,7.87,46.4,52.7,양품
LOT00968,3호기,B조,나공업체,199.4,43.44,144.8,5.93,23.1,39.0,양품
LOT00969,2호기,B조,나공업체,164.9,48.41,173.9,7.01,36.6,50.2,양품
LOT00970,1호기,C조,가공업체,196.6,34.99,134.1,4.66,35.3,58.9,불량
LOT00971,2호기,C조,가공업체,194.1,41.85,174.6,7.36,28.8,77.9,양품
LOT00972,2호기,C조,나공업체,196.0,34.01,136.5,5.97,13.1,72.0,양품
LOT00973,4호기,C조,가공업체,179.8,39.0,138.8,7.39,39.4,52.0,양품
LOT00974,4호기,B조,가공업체,187.8,39.17,141.6,6.21,48.1,43.7,양품
LOT00975,4호기,A조,가공업체,204.4,43.32,158.5,7.68,27.4,36.5,양품
LOT00976,2호기,C조,다공업체,190.8,45.18,122.7,7.44,31.1,41.9,양품
LOT00977,3호기,A조,다공업체,182.0,55.87,122.7,6.08,42.2,59.4,불량
LOT00978,1호기,B조,가공업체,157.7,41.21,123.1,6.02,29.1,61.3,불량
LOT00979,3호기,B조,가공업체,168.4,41.79,163.1,7.27,29.2,53.5,양품
LOT00980,1호기,A조,다공업체,187.5,48.38,146.4,4.79,39.0,65.3,양품
LOT00981,3호기,A조,나공업체,183.5,42.74,116.1,5.39,48.0,78.5,불량
LOT00982,1호기,C조,다공업체,175.2,42.65,145.4,6.0,42.0,56.9,양품
LOT00983,3호기,A조,가공업체,177.0,46.02,142.3,4.87,40.5,49.7,양품
LOT00984,4호기,A조,가공업체,192.2,37.42,175.6,7.66,34.3,65.1,양품
LOT00985,2호기,C조,나공업체,174.1,42.13,125.2,6.11,31.6,50.4,불량
LOT00986,4호기,C조,나공업체,188.4,45.62,146.1,6.97,49.6,53.0,양품
LOT00987,3호기,C조,나공업체,182.2,44.41,152.4,6.38,29.0,70.4,양품
LOT00988,2호기,A조,다공업체,174.1,47.17,143.4,6.97,38.4,77.3,양품
LOT00989,2호기,B조,다공업체,167.9,44.67,134.2,5.99,43.8,76.6,양품
LOT00990,4호기,C조,가공업체,180.4,43.42,133.1,6.85,30.1,40.1,불량
LOT00991,3호기,A조,나공업체,199.6,51.7,131.0,4.65,40.4,40.0,양품
LOT00992,3호기,A조,다공업체,195.0,49.79,145.5,6.43,40.4,41.2,불량
LOT00993,4호기,B조,가공업체,192.4,35.25,123.4,4.91,28.7,46.9,양품
LOT00994,1호기,C조,다공업체,172.0,29.86,166.6,5.99,35.5,46.4,양품
LOT00995,2호기,A조,다공업체,198.4,39.39,178.3,5.91,37.2,65.7,양품
LOT00996,3호기,A조,나공업체,201.7,47.11,145.7,6.59,40.8,50.3,양품
LOT00997,2호기,A조,가공업체,197.5,35.8,137.1,5.54,27.4,37.0,양품
LOT00998,2호기,A조,가공업체,182.4,44.72,158.4,5.18,32.2,28.7,양품
LOT00999,4호기,B조,가공업체,182.1,38.2,122.3,6.15,39.7,64.2,양품
LOT01000,3호기,C조,가공업체,171.3,45.77,140.7,5.9,32.3,59.5,양품
LOT01001,2호기,B조,다공업체,197.0,36.06,164.8,6.59,30.5,58.6,불량
LOT01002,2호기,B조,나공업체,188.4,44.43,141.8,6.31,33.1,48.0,양품
LOT01003,3호기,B조,가공업체,199.9,48.89,151.8,6.63,30.1,84.2,양품
LOT01004,3호기,B조,가공업체,185.4,43.08,145.0,7.03,33.8,55.2,양품
LOT01005,1호기,C조,나공업체,186.6,41.61,156.8,7.13,36.7,60.5,양품
LOT01006,4호기,B조,나공업체,205.2,37.14,151.5,6.63,52.1,68.4,불량
LOT01007,2호기,C조,다공업체,182.3,36.14,134.9,6.08,48.0,46.4,양품
LOT01008,1호기,B조,가공업체,172.9,45.58,162.4,6.73,48.7,66.9,양품
LOT01009,1호기,B조,다공업체,175.4,36.25,137.1,5.43,33.2,45.4,양품
LOT01010,2호기,C조,가공업체,191.6,41.27,155.0,7.32,31.2,62.0,양품
LOT01011,4호기,B조,가공업체,184.6,41.54,172.1,7.03,44.2,68.3,양품
LOT01012,3호기,C조,나공업체,203.2,29.59,124.2,6.7,28.4,49.2,불량
LOT01013,2호기,A조,가공업체,210.1,44.12,169.9,5.39,42.5,71.6,양품
LOT01014,3호기,C조,나공업체,177.7,38.95,154.6,6.32,21.4,45.8,양품
LOT01015,3호기,A조,다공업체,177.7,42.38,155.3,5.94,33.1,59.6,불량
LOT01016,1호기,B조,가공업체,181.0,32.01,164.1,5.94,45.8,50.8,양품
LOT01017,2호기,A조,나공업체,199.0,34.65,151.9,6.62,27.7,86.7,양품
LOT01018,1호기,C조,나공업체,204.3,45.23,146.0,6.98,49.3,62.2,양품
LOT01019,1호기,A조,가공업체,225.5,34.92,170.3,5.17,36.5,43.5,양품
LOT01020,4호기,C조,나공업체,196.1,25.57,180.6,6.0,34.6,50.4,양품
LOT01021,3호기,C조,나공업체,190.7,29.97,138.1,5.74,40.4,61.5,양품
LOT01022,1호기,B조,가공업체,202.9,43.78,150.5,5.5,57.0,60.4,양품
LOT01023,1호기,C조,다공업체,202.7,36.96,122.3,5.84,37.9,34.5,양품
LOT01024,2호기,A조,다공업체,175.9,49.24,144.9,5.14,28.4,69.3,불량
LOT01025,2호기,A조,다공업체,198.3,38.62,175.9,7.01,29.2,67.6,양품
LOT01026,1호기,C조,나공업체,193.5,43.9,159.0,6.4,44.6,88.5,양품
LOT01027,1호기,A조,다공업체,178.1,51.65,137.7,6.59,41.3,56.7,양품
LOT01028,1호기,B조,가공업체,210.1,46.36,156.9,6.03,36.6,39.6,불량
LOT01029,3호기,C조,다공업체,190.2,54.11,118.7,6.34,43.8,55.4,양품
LOT01030,2호기,A조,나공업체,161.6,48.86,134.9,5.98,18.3,34.4,양품
LOT01031,1호기,A조,나공업체,195.6,51.59,141.2,6.29,36.8,50.4,양품
LOT01032,1호기,B조,가공업체,186.7,37.46,149.9,6.38,42.3,20.0,양품
LOT01033,3호기,C조,가공업체,197.2,43.11,124.6,6.31,42.2,64.2,양품
LOT01034,3호기,C조,나공업체,216.3,49.69,129.4,6.07,34.2,63.9,양품
LOT01035,2호기,A조,나공업체,195.9,49.02,116.9,6.89,30.5,71.8,양품
LOT01036,2호기,C조,나공업체,188.0,33.96,127.6,5.17,45.8,68.0,불량
LOT01037,3호기,B조,나공업체,187.7,48.36,151.7,5.62,27.6,36.9,불량
LOT01038,4호기,C조,가공업체,202.3,42.58,138.7,5.44,51.7,84.1,양품
LOT01039,3호기,C조,가공업체,165.4,40.86,117.1,6.13,30.6,57.0,불량
LOT01040,2호기,B조,가공업체,164.1,43.04,,6.72,38.0,60.0,양품
LOT01041,1호기,C조,다공업체,181.7,35.48,143.4,5.6,19.9,30.1,양품
LOT01042,4호기,C조,나공업체,175.2,42.34,163.1,3.95,30.7,60.2,양품
LOT01043,1호기,A조,가공업체,181.5,41.22,135.9,6.33,35.2,54.9,양품
LOT01044,1호기,B조,가공업체,197.3,38.58,128.8,6.21,37.8,49.5,양품
LOT01045,1호기,C조,가공업체,202.3,42.87,152.1,5.43,30.0,56.0,양품
LOT01046,2호기,B조,나공업체,165.1,56.4,148.0,4.85,32.1,48.0,불량
LOT01047,3호기,C조,나공업체,172.8,45.77,162.2,6.17,45.9,69.5,양품
LOT01048,3호기,A조,가공업체,181.6,46.8,158.4,5.47,43.3,49.7,양품
LOT01049,3호기,C조,가공업체,194.8,42.07,155.4,5.56,38.1,47.6,양품
LOT01050,2호기,B조,가공업체,199.4,38.02,152.3,5.65,35.7,46.5,불량
LOT01051,4호기,B조,다공업체,173.7,42.1,119.7,5.33,39.2,71.2,불량
LOT01052,3호기,A조,가공업체,177.5,46.78,141.5,6.44,42.1,74.1,양품
LOT01053,2호기,A조,다공업체,178.7,39.81,,5.96,48.5,44.6,양품
LOT01054,3호기,C조,다공업체,183.1,44.91,169.7,5.8,41.5,59.3,양품
LOT01055,1호기,A조,가공업체,169.2,37.64,168.4,6.74,53.1,55.5,양품
LOT01056,2호기,A조,나공업체,212.4,42.56,120.1,6.19,31.6,75.2,불량
LOT01057,3호기,B조,가공업체,184.4,43.81,145.1,5.57,41.1,36.5,불량
LOT01058,3호기,A조,가공업체,180.3,49.51,,4.71,33.3,42.8,양품
LOT01059,1호기,C조,가공업체,178.3,42.58,,4.84,39.8,43.1,양품
LOT01060,4호기,A조,나공업체,151.5,56.99,166.9,7.69,40.7,36.1,양품
LOT01061,4호기,B조,다공업체,177.3,41.41,140.6,6.47,10.5,66.4,불량
LOT01062,3호기,C조,가공업체,163.1,46.74,153.4,6.54,41.9,49.5,불량
LOT01063,3호기,A조,나공업체,210.3,36.68,150.7,5.33,36.1,57.4,양품
LOT01064,3호기,A조,가공업체,211.7,43.64,157.6,5.63,28.8,37.7,불량
LOT01065,1호기,C조,가공업체,185.7,36.21,145.4,6.76,35.4,49.8,양품
LOT01066,3호기,C조,다공업체,175.2,40.88,142.1,7.03,35.2,66.0,양품
LOT01067,1호기,B조,나공업체,180.2,39.18,127.7,6.29,38.3,51.4,양품
LOT01068,3호기,C조,가공업체,199.9,31.43,192.7,4.82,42.5,70.0,양품
LOT01069,2호기,B조,나공업체,177.5,48.97,143.2,4.51,40.9,41.3,양품
LOT01070,2호기,A조,가공업체,199.7,53.24,130.5,6.35,25.1,61.5,불량
LOT01071,2호기,C조,가공업체,203.6,38.87,145.2,6.45,28.7,66.9,불량
LOT01072,2호기,A조,나공업체,164.3,40.56,174.0,5.98,48.2,76.1,양품
LOT01073,3호기,B조,가공업체,190.9,39.56,176.5,5.73,33.4,65.5,양품
LOT01074,4호기,B조,가공업체,199.1,41.62,,4.55,52.4,43.4,불량
LOT01075,3호기,A조,다공업체,197.1,43.69,149.9,6.37,38.4,59.6,양품
LOT01076,3호기,C조,다공업체,180.6,47.48,154.0,5.28,28.0,69.2,양품
LOT01077,1호기,C조,가공업체,195.4,52.89,158.2,6.37,31.4,46.4,양품
LOT01078,3호기,C조,가공업체,185.7,51.08,154.7,4.74,33.6,46.1,불량
LOT01079,1호기,A조,가공업체,190.1,42.81,162.6,7.8,28.2,53.1,양품
LOT01080,3호기,B조,나공업체,195.3,39.73,150.8,7.38,27.6,61.8,양품
LOT01081,3호기,B조,가공업체,183.7,42.27,138.7,5.43,35.3,49.1,양품
LOT01082,3호기,B조,가공업체,158.4,45.97,145.7,6.54,48.7,48.9,불량
LOT01083,1호기,B조,다공업체,181.8,36.08,136.5,5.38,33.8,74.5,불량
LOT01084,3호기,B조,다공업체,173.8,43.65,163.1,5.54,50.1,52.7,양품
LOT01085,3호기,A조,가공업체,169.1,35.91,85.8,6.43,46.1,51.5,불량
LOT01086,1호기,B조,가공업체,173.4,38.77,168.5,7.56,25.9,33.9,양품
LOT01087,2호기,A조,가공업체,195.8,40.4,94.7,6.67,45.4,65.3,양품
LOT01088,2호기,B조,나공업체,195.3,49.8,120.3,5.73,21.6,57.3,양품
LOT01089,2호기,C조,나공업체,158.7,39.98,137.7,6.06,47.6,53.1,양품
LOT01090,3호기,B조,가공업체,191.9,43.34,148.0,5.22,47.6,57.3,양품
LOT01091,2호기,C조,가공업체,169.1,41.65,133.1,5.39,45.5,67.0,양품
LOT01092,3호기,C조,나공업체,180.5,37.09,136.7,7.13,28.8,54.0,양품
LOT01093,1호기,C조,가공업체,160.3,35.52,109.8,6.9,51.1,49.2,불량
LOT01094,2호기,B조,나공업체,200.6,37.42,170.0,4.66,28.0,40.1,양품
LOT01095,2호기,C조,나공업체,192.0,36.93,135.8,6.0,42.5,45.1,불량
LOT01096,2호기,A조,나공업체,174.9,34.12,148.4,7.28,43.9,78.1,양품
LOT01097,2호기,A조,가공업체,158.6,38.24,151.2,4.79,25.6,68.5,불량
LOT01098,1호기,A조,가공업체,189.4,44.79,170.8,6.12,47.2,48.6,양품
LOT01099,1호기,C조,가공업체,180.3,47.97,,6.68,52.1,60.4,양품
