일자,지점코드,지역,판매채널,영업사원수,광고비,방문고객수,평균할인율,고객만족도,매출액
2024-02-27,BR001,충청,대리점,17,,293,0.11,4.17,32330000.0
2025-05-10,BR002,수도권,대리점,14,869000.0,342,0.052,3.62,44131000.0
2025-02-22,BR010,수도권,직영점,14,1819000.0,312,0.18,3.81,46652000.0
2024-10-07,BR040,충청,대리점,11,3077000.0,304,0.113,4.34,33959000.0
2024-10-04,BR021,강원,대리점,2,1812000.0,318,0.097,4.81,23499000.0
2025-07-03,BR032,영남,대리점,8,962000.0,326,0.132,4.08,18334000.0
2024-02-25,BR019,충청,직영점,15,2919000.0,329,0.084,4.38,39189000.0
2025-03-22,BR008,수도권,대리점,16,5769000.0,300,0.117,3.38,53266000.0
2024-05-08,BR017,수도권,대리점,12,4848000.0,317,0.045,4.22,49220000.0
2024-03-01,BR005,수도권,직영점,14,7894000.0,328,0.159,4.07,63383000.0
2024-12-02,BR035,호남,직영점,2,6067000.0,315,0.105,4.71,38506000.0
2025-09-16,BR009,호남,대리점,10,1112000.0,322,0.162,3.83,25399000.0
2025-04-15,BR017,호남,대리점,11,4410000.0,332,,3.98,39014000.0
2025-05-02,BR045,강원,직영점,18,2480000.0,309,0.104,4.63,38358000.0
2025-04-04,BR027,강원,온라인,7,4349000.0,319,0.055,4.05,22846000.0
2025-05-18,BR021,강원,대리점,6,838000.0,317,0.144,,17961000.0
2024-11-24,BR025,수도권,온라인,8,3089000.0,340,0.071,5.0,27951000.0
2024-03-22,BR036,수도권,대리점,5,7083000.0,327,0.088,3.56,45560000.0
2025-06-21,BR012,수도권,대리점,12,3202000.0,326,0.11,4.07,39147000.0
2024-10-15,BR029,영남,대리점,13,1534000.0,311,0.115,4.27,35246000.0
2024-11-16,BR040,수도권,온라인,16,1333000.0,258,0.033,4.23,40683000.0
2024-08-25,BR026,호남,대리점,19,3305000.0,341,0.1,4.01,38888000.0
2024-04-26,BR021,영남,대리점,3,4162000.0,321,0.146,4.01,36710000.0
2025-08-16,BR007,영남,대리점,6,3105000.0,303,0.093,3.98,32057000.0
2025-05-15,BR012,수도권,대리점,7,2533000.0,302,0.1,3.54,47102000.0
2025-02-16,BR043,수도권,직영점,6,1456000.0,334,0.117,5.0,44969000.0
2024-09-14,BR025,수도권,대리점,16,4112000.0,299,0.104,3.99,43961000.0
2025-06-10,BR014,호남,대리점,4,2714000.0,315,0.064,4.4,24983000.0
2024-12-15,BR019,영남,온라인,2,1730000.0,339,0.108,3.93,22381000.0
2024-10-10,BR027,영남,대리점,17,5859000.0,316,0.155,3.92,45462000.0
2024-10-15,BR025,수도권,대리점,19,3782000.0,296,0.063,,48433000.0
2024-05-25,BR032,수도권,온라인,6,2268000.0,308,0.093,3.33,30429000.0
2024-02-28,BR012,충청,대리점,7,1372000.0,322,,4.02,27158000.0
2024-12-20,BR030,호남,직영점,11,3132000.0,282,0.152,3.9,30687000.0
2025-07-22,BR020,호남,직영점,11,3392000.0,300,0.106,,39782000.0
2024-02-10,BR043,수도권,직영점,19,2401000.0,321,0.072,3.5,58854000.0
2025-07-03,BR008,강원,직영점,9,3098000.0,312,0.114,3.81,32680000.0
2025-06-13,BR007,수도권,대리점,2,1232000.0,320,0.056,3.65,31477000.0
2024-06-26,BR021,호남,온라인,9,2365000.0,312,0.063,,31855000.0
2025-02-08,BR023,수도권,대리점,12,,304,0.044,3.67,35986000.0
2024-04-15,BR032,수도권,직영점,11,2141000.0,299,0.062,4.38,44168000.0
2025-04-30,BR019,호남,대리점,11,1492000.0,332,0.171,4.59,22416000.0
2025-03-24,BR042,수도권,직영점,18,3805000.0,324,0.077,,60156000.0
2024-08-14,BR022,충청,온라인,16,4133000.0,315,0.131,,35134000.0
2024-02-13,BR006,충청,직영점,6,3320000.0,316,0.072,3.42,30176000.0
2025-09-13,BR006,수도권,대리점,8,1598000.0,309,0.144,4.53,35381000.0
2024-10-12,BR044,영남,직영점,14,936000.0,334,0.064,3.47,38612000.0
2025-07-25,BR007,호남,대리점,9,4164000.0,323,0.112,4.3,33638000.0
2025-03-09,BR043,호남,대리점,9,2689000.0,327,0.112,4.16,26819000.0
2025-05-13,BR013,수도권,온라인,5,485000.0,342,0.215,4.29,24260000.0
2025-05-01,BR005,영남,직영점,6,2967000.0,309,0.138,,30500000.0
2024-05-04,BR014,수도권,온라인,15,,326,0.083,3.63,39585000.0
2024-08-20,BR028,수도권,대리점,17,668000.0,317,0.141,3.61,45932000.0
2024-10-25,BR020,수도권,온라인,16,3850000.0,309,0.206,4.46,41372000.0
2024-11-14,BR036,강원,온라인,7,773000.0,340,0.037,3.79,16497000.0
2024-01-29,BR028,호남,온라인,4,1460000.0,326,0.072,2.72,25000000.0
2024-12-15,BR019,호남,직영점,4,778000.0,355,0.099,4.42,25499000.0
2024-04-08,BR029,충청,직영점,9,1335000.0,352,0.091,3.58,37765000.0
2025-04-20,BR044,충청,직영점,11,943000.0,335,0.095,4.33,39433000.0
2025-03-13,BR019,충청,직영점,18,5206000.0,320,0.051,4.8,48329000.0
2025-08-13,BR007,영남,대리점,18,2238000.0,310,0.173,4.11,30629000.0
2025-04-21,BR019,충청,온라인,2,1892000.0,323,0.046,4.6,33138000.0
2024-08-22,BR038,수도권,온라인,14,5530000.0,275,0.101,4.18,46317000.0
2025-09-11,BR010,수도권,대리점,7,5346000.0,304,0.157,4.89,43625000.0
2024-09-19,BR043,강원,대리점,5,2011000.0,301,,3.57,24350000.0
2024-07-27,BR027,충청,온라인,11,3275000.0,319,0.066,4.1,31863000.0
2025-08-02,BR028,강원,온라인,2,1699000.0,320,0.049,4.44,24291000.0
2024-08-25,BR015,수도권,직영점,8,2497000.0,274,0.1,4.0,41687000.0
2024-02-18,BR042,영남,대리점,11,1102000.0,341,0.076,4.68,36204000.0
2024-10-27,BR002,수도권,온라인,6,3611000.0,323,0.119,3.88,30008000.0
2025-05-24,BR014,수도권,직영점,12,5673000.0,353,0.047,5.0,66763000.0
2024-05-01,BR019,수도권,대리점,10,5036000.0,319,0.147,5.0,47810000.0
2024-10-23,BR022,수도권,온라인,16,2780000.0,308,0.115,4.24,42569000.0
2024-03-24,BR022,호남,온라인,5,435000.0,291,0.119,4.38,19236000.0
2025-03-15,BR007,수도권,온라인,3,1637000.0,304,0.175,4.7,27446000.0
2024-10-31,BR011,영남,온라인,11,2495000.0,325,0.09,3.51,26415000.0
2024-07-30,BR005,충청,직영점,6,834000.0,356,0.077,3.44,32350000.0
2024-05-25,BR026,충청,직영점,14,703000.0,316,0.085,4.73,42160000.0
2024-12-27,BR016,영남,대리점,3,6696000.0,333,0.101,4.24,35127000.0
2025-03-04,BR026,수도권,대리점,12,4655000.0,333,0.106,3.99,50461000.0
2025-08-24,BR027,강원,대리점,19,,311,0.073,4.11,33194000.0
2024-10-06,BR032,호남,대리점,3,4303000.0,326,0.019,2.91,27968000.0
2024-04-12,BR025,영남,대리점,7,972000.0,278,0.085,4.0,22361000.0
2025-06-16,BR030,충청,대리점,17,1298000.0,279,0.126,3.72,24858000.0
2025-02-07,BR027,수도권,직영점,11,3139000.0,321,0.116,4.56,48144000.0
2025-03-24,BR030,강원,직영점,5,3312000.0,314,0.164,4.6,16946000.0
2024-03-03,BR028,수도권,직영점,5,788000.0,329,0.198,4.39,41900000.0
2024-07-18,BR015,수도권,직영점,15,2985000.0,343,0.144,4.3,55230000.0
2025-05-06,BR012,수도권,온라인,17,2529000.0,321,0.172,3.35,38024000.0
2025-06-16,BR036,호남,대리점,8,4931000.0,324,0.145,4.4,21952000.0
2024-10-05,BR016,영남,직영점,10,3324000.0,330,0.187,4.41,31410000.0
2025-05-30,BR025,호남,온라인,16,7189000.0,329,0.193,4.72,34054000.0
2025-06-22,BR009,호남,대리점,5,2020000.0,312,0.153,5.0,33853000.0
2024-09-04,BR020,수도권,직영점,5,1031000.0,322,0.142,3.25,32529000.0
2025-07-28,BR024,강원,직영점,15,7068000.0,301,0.101,3.91,41019000.0
2024-07-03,BR029,충청,직영점,5,3444000.0,318,0.108,3.73,29802000.0
2024-06-02,BR024,영남,대리점,15,2540000.0,353,0.095,4.19,39117000.0
2025-03-12,BR017,수도권,직영점,10,1340000.0,288,0.138,4.11,47764000.0
2025-02-11,BR044,강원,직영점,19,2038000.0,349,0.078,3.98,32391000.0
2024-03-30,BR024,수도권,직영점,2,1956000.0,317,0.101,,37473000.0
2025-06-16,BR037,수도권,대리점,19,991000.0,272,0.004,3.55,53001000.0
2024-05-07,BR034,충청,직영점,6,299000.0,296,0.188,3.58,23776000.0
2025-05-30,BR026,수도권,온라인,2,1921000.0,323,0.1,3.59,33337000.0
2024-01-05,BR040,수도권,직영점,15,4376000.0,293,0.131,3.92,52155000.0
2025-05-24,BR006,영남,대리점,11,5987000.0,317,0.176,,43469000.0
2025-05-18,BR042,충청,대리점,17,5058000.0,305,0.124,4.08,38589000.0
2025-05-14,BR039,강원,대리점,3,5251000.0,350,0.175,4.02,25360000.0
2025-03-01,BR023,수도권,직영점,3,1098000.0,315,0.054,3.71,39085000.0
2024-10-28,BR034,영남,온라인,12,3181000.0,327,0.218,4.54,28116000.0
2025-03-27,BR024,충청,온라인,17,3823000.0,294,0.159,4.07,30208000.0
2024-06-26,BR013,영남,직영점,9,3989000.0,323,0.119,4.63,40481000.0
2025-05-14,BR036,영남,직영점,16,2499000.0,309,0.174,4.0,45116000.0
2024-12-21,BR012,충청,온라인,18,2914000.0,307,0.057,4.09,31291000.0
2024-10-20,BR015,강원,대리점,17,4960000.0,328,0.097,3.82,24910000.0
2024-11-19,BR024,수도권,직영점,11,3730000.0,303,0.175,4.1,41443000.0
2024-12-29,BR038,수도권,직영점,14,4204000.0,339,0.026,4.46,53865000.0
2024-01-24,BR018,영남,대리점,11,1853000.0,284,0.135,3.89,34102000.0
2024-03-30,BR023,호남,대리점,14,4058000.0,337,0.134,4.36,28987000.0
2024-06-06,BR002,수도권,대리점,12,2887000.0,344,0.199,3.69,41661000.0
2024-03-14,BR006,충청,온라인,11,4636000.0,316,0.039,4.48,32547000.0
2024-10-08,BR003,호남,대리점,9,1530000.0,302,0.182,3.81,23896000.0
2025-03-03,BR004,영남,직영점,13,4391000.0,324,0.085,4.53,49157000.0
2025-02-22,BR040,강원,대리점,15,2059000.0,345,0.09,4.13,28019000.0
2024-10-28,BR038,영남,직영점,18,4404000.0,279,0.055,4.86,40584000.0
2025-07-01,BR037,영남,직영점,13,3195000.0,343,0.061,3.52,42452000.0
2024-12-27,BR003,수도권,직영점,3,2738000.0,319,0.128,3.36,40398000.0
2024-02-20,BR004,강원,직영점,12,2145000.0,344,0.06,3.79,36907000.0
2025-05-04,BR013,수도권,대리점,7,2548000.0,342,0.143,3.41,43834000.0
2025-01-02,BR026,영남,직영점,2,1924000.0,334,0.08,3.41,25583000.0
2025-02-10,BR016,충청,대리점,3,2111000.0,332,0.055,4.41,25810000.0
2024-12-27,BR022,영남,대리점,12,3662000.0,314,0.086,4.1,31436000.0
2024-12-20,BR008,영남,대리점,19,572000.0,295,0.125,3.86,41627000.0
2024-02-27,BR033,충청,온라인,11,4364000.0,323,0.098,3.91,33688000.0
2024-12-23,BR015,호남,온라인,10,4413000.0,326,0.112,3.8,29089000.0
2025-05-23,BR003,충청,대리점,3,2194000.0,317,0.141,4.93,26458000.0
2024-07-13,BR034,영남,직영점,14,2968000.0,329,0.159,3.73,46662000.0
2025-01-20,BR041,수도권,대리점,2,1222000.0,306,0.096,3.44,35540000.0
2024-01-20,BR001,충청,대리점,17,3503000.0,292,0.063,4.5,41988000.0
2024-08-10,BR020,충청,직영점,16,1355000.0,326,0.113,,38231000.0
2024-10-06,BR038,수도권,직영점,19,103000.0,311,0.131,5.0,50438000.0
2025-09-20,BR032,수도권,직영점,7,5840000.0,309,0.044,3.84,58126000.0
2024-05-17,BR039,영남,대리점,4,1108000.0,308,0.07,4.52,32570000.0
2024-06-25,BR019,영남,대리점,7,2508000.0,306,0.078,4.64,32870000.0
2024-09-18,BR017,영남,직영점,16,3048000.0,327,0.101,3.84,43366000.0
2025-09-27,BR032,수도권,온라인,5,3657000.0,315,0.076,3.73,39966000.0
2025-06-30,BR007,수도권,온라인,17,2671000.0,350,0.142,4.47,49567000.0
2024-01-23,BR011,수도권,직영점,4,3237000.0,311,0.038,4.39,44228000.0
2024-05-29,BR028,호남,온라인,2,2155000.0,327,0.039,3.39,20390000.0
2025-06-09,BR031,호남,직영점,5,,274,0.095,3.54,26494000.0
2024-02-07,BR006,수도권,온라인,15,2598000.0,298,0.102,2.83,39407000.0
2025-07-01,BR023,영남,온라인,12,4001000.0,351,0.045,4.4,34161000.0
2024-06-29,BR017,수도권,직영점,8,1168000.0,312,0.083,3.97,50898000.0
2025-08-10,BR023,수도권,온라인,13,3070000.0,333,0.092,4.02,42360000.0
2024-07-06,BR044,수도권,온라인,13,8104000.0,300,0.092,3.25,49963000.0
2024-10-04,BR004,수도권,온라인,11,2475000.0,335,0.117,3.55,43545000.0
2025-02-27,BR045,영남,온라인,11,2569000.0,329,0.08,3.86,29270000.0
2024-03-21,BR021,호남,대리점,3,629000.0,308,0.177,,19053000.0
2024-12-22,BR035,수도권,직영점,6,1051000.0,324,0.132,4.16,34335000.0
2024-11-19,BR020,영남,온라인,11,1368000.0,287,0.074,4.39,28827000.0
2025-05-16,BR014,영남,대리점,4,3897000.0,334,0.114,5.0,28104000.0
2025-09-29,BR035,강원,대리점,10,1238000.0,334,0.116,4.09,26135000.0
2025-03-01,BR031,영남,대리점,4,427000.0,328,0.165,4.66,27561000.0
2024-09-18,BR007,수도권,대리점,16,3453000.0,353,0.083,3.69,48386000.0
2024-09-17,BR032,영남,직영점,3,1473000.0,316,,3.26,27673000.0
2024-09-24,BR034,수도권,대리점,3,654000.0,339,0.112,3.92,34786000.0
2025-06-04,BR018,강원,직영점,13,4219000.0,289,0.177,3.3,24081000.0
2024-07-24,BR042,충청,대리점,5,1973000.0,347,0.168,,25888000.0
2024-04-16,BR029,영남,온라인,8,3675000.0,361,0.119,3.71,33333000.0
2024-08-01,BR016,수도권,대리점,7,632000.0,336,0.098,3.12,25861000.0
2024-01-15,BR001,충청,대리점,5,262000.0,310,0.133,4.97,26970000.0
2024-03-08,BR031,호남,직영점,15,2869000.0,325,0.102,3.83,30083000.0
2024-02-27,BR010,영남,온라인,14,1017000.0,330,0.186,3.28,26205000.0
2025-05-08,BR035,충청,대리점,6,2840000.0,332,0.114,4.55,24042000.0
2025-04-07,BR024,강원,직영점,14,2883000.0,339,0.092,3.74,37286000.0
2025-03-21,BR022,호남,직영점,14,2629000.0,330,0.089,,33303000.0
2024-10-22,BR008,수도권,직영점,11,5223000.0,302,0.055,3.73,49306000.0
2025-04-03,BR033,영남,대리점,12,12539000.0,336,0.135,3.83,52856000.0
2024-04-13,BR008,충청,온라인,18,3412000.0,302,0.073,4.27,30917000.0
2025-07-30,BR019,영남,대리점,10,8099000.0,353,0.159,4.4,37512000.0
2024-11-16,BR038,수도권,직영점,8,2014000.0,314,0.052,4.48,50167000.0
2025-08-23,BR042,수도권,온라인,11,851000.0,318,0.116,4.06,25424000.0
2024-04-07,BR045,호남,직영점,17,1555000.0,315,0.162,4.36,30888000.0
2024-11-14,BR044,강원,온라인,14,2107000.0,311,0.013,,22704000.0
2025-03-21,BR026,호남,직영점,3,8534000.0,303,0.201,4.2,39570000.0
2024-11-13,BR010,강원,대리점,10,2738000.0,298,0.091,,30233000.0
2024-10-12,BR038,영남,온라인,15,5351000.0,332,0.116,,40818000.0
2024-04-16,BR037,호남,직영점,6,1887000.0,300,,4.4,28246000.0
2024-08-31,BR045,호남,대리점,19,1713000.0,338,,4.12,22381000.0
2024-06-01,BR030,충청,온라인,16,606000.0,335,0.122,3.89,28184000.0
2024-07-11,BR007,충청,직영점,17,8361000.0,302,0.155,4.74,55540000.0
2025-03-13,BR023,수도권,직영점,3,6525000.0,318,0.133,3.39,53122000.0
2025-02-07,BR021,영남,대리점,12,3092000.0,366,0.189,4.92,38690000.0
2025-01-23,BR038,수도권,직영점,11,2201000.0,312,0.134,4.09,41671000.0
2024-08-19,BR018,수도권,직영점,13,2813000.0,319,0.198,4.26,45930000.0
2025-09-06,BR015,영남,대리점,17,819000.0,328,0.151,3.9,42467000.0
2024-02-26,BR004,충청,온라인,8,3671000.0,325,0.029,3.27,21557000.0
2024-08-07,BR038,수도권,직영점,11,6182000.0,317,0.227,4.03,47851000.0
2024-03-16,BR034,호남,직영점,14,6383000.0,316,0.084,4.27,47748000.0
2024-08-04,BR002,호남,온라인,15,632000.0,291,0.177,4.44,22262000.0
2025-09-07,BR020,수도권,대리점,15,5319000.0,299,0.111,,46051000.0
2024-08-22,BR022,수도권,온라인,8,824000.0,338,0.158,3.0,34707000.0
2025-08-04,BR022,수도권,대리점,19,286000.0,307,0.079,3.33,45092000.0
2024-11-12,BR042,호남,온라인,2,5450000.0,312,0.138,5.0,24272000.0
2025-03-23,BR007,호남,대리점,10,1770000.0,317,0.099,,22282000.0
2024-10-19,BR014,수도권,직영점,12,4956000.0,324,0.181,4.81,63600000.0
2024-06-19,BR009,호남,온라인,3,4668000.0,321,0.13,3.63,23473000.0
2025-05-04,BR011,수도권,대리점,10,4281000.0,328,0.152,4.01,49712000.0
2025-09-12,BR041,충청,직영점,12,2788000.0,285,0.013,4.41,42843000.0
2024-06-17,BR043,강원,직영점,12,913000.0,294,0.106,3.69,23739000.0
2025-05-13,BR003,수도권,대리점,4,2110000.0,333,0.128,4.9,35150000.0
2024-06-16,BR029,수도권,직영점,6,6452000.0,338,0.12,4.14,60100000.0
2025-04-03,BR011,충청,직영점,6,5041000.0,298,0.153,4.33,40948000.0
2025-05-19,BR009,영남,직영점,13,2195000.0,292,0.094,3.97,32463000.0
2024-10-14,BR014,강원,대리점,7,2175000.0,303,0.112,4.43,25095000.0
2025-04-16,BR009,강원,대리점,12,4028000.0,296,0.163,4.89,26611000.0
2024-06-23,BR023,수도권,대리점,15,2935000.0,317,0.007,4.03,45900000.0
2024-02-20,BR045,수도권,직영점,16,2282000.0,313,0.137,4.96,55241000.0
2024-03-02,BR027,호남,직영점,5,3803000.0,349,0.095,3.79,26966000.0
2024-10-13,BR033,수도권,대리점,18,3717000.0,298,0.069,4.48,50829000.0
2025-07-31,BR023,호남,직영점,4,1590000.0,333,0.125,4.34,24601000.0
2024-03-22,BR001,영남,대리점,2,3357000.0,329,0.165,3.57,25323000.0
2024-10-18,BR004,수도권,직영점,2,3564000.0,311,0.157,4.21,40374000.0
2025-03-26,BR013,호남,직영점,5,2637000.0,310,0.104,4.1,25823000.0
2024-05-09,BR011,수도권,직영점,17,1454000.0,307,0.149,3.67,55224000.0
2025-04-06,BR038,충청,대리점,5,2060000.0,320,0.149,4.28,27512000.0
2024-07-14,BR038,영남,직영점,14,1219000.0,326,0.106,4.17,47619000.0
2025-06-01,BR039,충청,온라인,9,3420000.0,313,0.079,4.06,26897000.0
2025-01-05,BR029,영남,직영점,2,636000.0,315,0.081,4.07,27391000.0
2024-12-16,BR026,영남,대리점,9,6881000.0,325,,4.05,47334000.0
2024-04-23,BR030,강원,대리점,2,5995000.0,322,0.108,,22421000.0
2024-10-23,BR019,강원,직영점,10,3622000.0,311,0.063,4.17,30257000.0
2025-07-02,BR031,충청,대리점,12,4848000.0,302,0.034,3.78,38888000.0
2024-01-13,BR036,수도권,직영점,11,4636000.0,324,0.147,5.0,50022000.0
2025-04-30,BR035,영남,대리점,7,2967000.0,306,0.085,3.4,34720000.0
2024-11-11,BR028,강원,직영점,15,2330000.0,329,0.125,3.81,32583000.0
2025-04-05,BR003,수도권,온라인,12,2136000.0,350,0.166,3.85,41017000.0
2025-02-28,BR033,충청,온라인,6,7044000.0,338,0.051,5.0,37289000.0
2024-10-03,BR017,충청,직영점,9,1411000.0,340,0.108,3.44,36312000.0
2024-07-16,BR034,수도권,대리점,3,1435000.0,312,0.102,4.31,33424000.0
2025-02-05,BR025,영남,온라인,18,5131000.0,334,0.127,4.22,35307000.0
2024-03-30,BR040,수도권,직영점,15,4817000.0,325,0.166,4.27,65541000.0
2025-01-08,BR016,호남,온라인,7,2229000.0,322,0.05,4.72,19485000.0
2024-03-01,BR042,호남,대리점,14,3890000.0,325,0.136,4.71,27906000.0
2025-02-19,BR039,호남,온라인,14,4241000.0,326,0.156,3.87,30943000.0
2025-02-06,BR015,충청,온라인,12,872000.0,318,0.102,4.2,32257000.0
2024-02-24,BR022,수도권,직영점,2,6246000.0,285,0.104,3.17,46612000.0
2025-04-29,BR024,영남,대리점,17,4240000.0,301,0.129,4.15,45205000.0
2024-09-23,BR035,호남,대리점,19,3669000.0,344,0.126,3.7,26982000.0
2025-05-18,BR032,충청,직영점,19,4262000.0,311,0.136,4.01,40547000.0
2024-01-27,BR039,호남,직영점,19,3372000.0,299,0.135,3.26,30129000.0
2024-04-24,BR017,수도권,온라인,18,2528000.0,313,0.066,,47519000.0
2024-11-12,BR023,호남,직영점,15,2986000.0,306,0.155,3.25,27662000.0
2024-04-30,BR020,수도권,대리점,3,799000.0,299,0.163,4.17,24170000.0
2024-07-30,BR041,수도권,온라인,10,8842000.0,344,0.118,3.49,49831000.0
2025-02-26,BR014,영남,직영점,6,2497000.0,342,0.043,3.68,42254000.0
2024-04-02,BR027,수도권,대리점,5,8747000.0,329,0.105,4.68,52124000.0
2025-03-09,BR006,수도권,온라인,16,3022000.0,334,0.119,4.39,45083000.0
2024-03-07,BR039,수도권,대리점,16,1700000.0,314,0.058,4.67,50291000.0
2024-04-22,BR018,충청,직영점,11,6130000.0,332,0.094,4.88,43086000.0
2025-01-11,BR016,호남,직영점,15,3568000.0,361,0.047,3.71,35925000.0
2025-05-22,BR027,수도권,온라인,4,10869000.0,309,0.137,4.85,50999000.0
2024-04-19,BR023,영남,직영점,5,1666000.0,326,0.117,3.37,34149000.0
2024-07-10,BR039,호남,대리점,17,6297000.0,336,0.036,4.47,45441000.0
2025-08-15,BR024,수도권,직영점,10,6512000.0,327,0.126,3.85,57930000.0
2025-09-25,BR024,수도권,대리점,11,4478000.0,315,0.107,3.63,40559000.0
2025-01-06,BR005,호남,온라인,10,6547000.0,319,0.133,4.41,33710000.0
2024-10-13,BR001,호남,대리점,5,2540000.0,286,0.092,4.57,26678000.0
2024-08-09,BR018,영남,온라인,16,1406000.0,349,0.074,4.56,32169000.0
2025-01-26,BR045,호남,직영점,15,1823000.0,323,0.075,4.21,35570000.0
2025-01-13,BR042,수도권,대리점,14,2876000.0,325,0.086,4.17,44021000.0
2024-07-07,BR029,충청,온라인,8,4633000.0,331,0.111,4.36,32484000.0
2024-01-15,BR029,영남,대리점,13,1488000.0,331,0.117,4.25,28631000.0
2024-04-06,BR018,수도권,직영점,19,2138000.0,328,0.101,4.37,52829000.0
2025-09-05,BR008,호남,온라인,13,1587000.0,305,0.091,4.2,24749000.0
2024-09-24,BR001,충청,직영점,10,5186000.0,340,0.094,4.52,47804000.0
2024-11-04,BR016,호남,대리점,6,,286,0.223,3.29,35444000.0
2024-10-25,BR015,충청,온라인,11,1212000.0,310,0.075,4.03,18696000.0
2025-05-15,BR009,수도권,직영점,8,4015000.0,326,0.085,3.41,54540000.0
2024-02-11,BR012,수도권,직영점,13,5616000.0,326,0.258,4.24,58440000.0
2024-02-22,BR002,수도권,직영점,2,2377000.0,335,0.129,,36773000.0
2024-06-25,BR028,호남,직영점,5,840000.0,309,0.048,3.86,17516000.0
2024-11-07,BR042,수도권,직영점,16,6094000.0,301,0.148,4.16,60229000.0
2025-03-05,BR032,수도권,대리점,8,792000.0,287,0.069,4.48,42379000.0
2024-11-10,BR021,수도권,직영점,9,7266000.0,329,0.151,3.07,60971000.0
2024-10-09,BR019,수도권,대리점,11,1560000.0,331,0.101,3.84,36646000.0
2025-08-23,BR014,호남,직영점,9,684000.0,323,0.09,4.28,37811000.0
2024-04-13,BR007,충청,직영점,15,1931000.0,337,0.182,,22655000.0
2024-12-31,BR027,강원,직영점,6,2713000.0,313,0.135,3.61,23093000.0
2024-12-13,BR026,수도권,대리점,15,3136000.0,305,0.154,4.65,44715000.0
2024-10-30,BR001,영남,대리점,5,4244000.0,289,0.13,4.6,38181000.0
2025-05-31,BR019,충청,직영점,8,3337000.0,301,0.09,4.29,40498000.0
2024-06-19,BR013,충청,온라인,12,8256000.0,317,0.138,4.54,39305000.0
2025-09-02,BR008,호남,대리점,17,2622000.0,313,0.164,,26239000.0
2024-07-31,BR032,강원,직영점,6,3461000.0,303,0.116,4.38,30970000.0
2024-12-14,BR024,호남,온라인,12,,337,0.191,3.94,27866000.0
2024-11-29,BR029,수도권,직영점,3,605000.0,333,0.148,4.16,28155000.0
2025-06-27,BR033,수도권,직영점,3,1023000.0,297,0.12,3.78,26486000.0
2024-10-07,BR045,영남,대리점,15,2884000.0,330,0.121,4.73,43658000.0
2024-07-01,BR037,수도권,직영점,14,3756000.0,346,0.116,4.86,56790000.0
2024-01-14,BR028,영남,직영점,8,386000.0,340,0.054,4.79,31845000.0
2024-08-20,BR040,영남,대리점,13,8497000.0,343,0.106,3.9,46090000.0
2025-06-12,BR022,영남,직영점,8,3965000.0,322,0.12,3.62,40580000.0
2024-01-07,BR045,호남,온라인,6,2769000.0,348,0.091,4.74,25296000.0
2025-07-27,BR035,영남,온라인,9,3841000.0,324,0.125,4.37,25039000.0
2024-12-13,BR030,수도권,대리점,7,1846000.0,313,0.111,4.26,45651000.0
2024-03-30,BR041,수도권,대리점,16,3160000.0,313,0.145,3.78,49954000.0
2024-07-12,BR024,영남,대리점,9,3519000.0,324,0.14,4.31,33302000.0
2024-12-20,BR033,충청,온라인,7,6140000.0,302,0.118,3.56,27112000.0
2024-07-21,BR013,수도권,직영점,11,2453000.0,346,0.048,4.42,54499000.0
2024-03-10,BR044,충청,직영점,15,812000.0,294,0.191,4.79,28431000.0
2025-03-02,BR029,호남,대리점,6,1375000.0,342,0.104,4.92,28244000.0
2025-03-06,BR036,호남,대리점,18,2309000.0,309,0.106,4.45,28272000.0
2024-03-17,BR021,영남,직영점,10,899000.0,347,0.095,3.41,35088000.0
2024-06-28,BR040,충청,대리점,13,1252000.0,292,0.088,4.2,25049000.0
2024-06-05,BR004,수도권,직영점,19,1386000.0,334,0.179,5.0,49115000.0
2025-02-26,BR006,충청,온라인,9,2194000.0,316,0.172,3.67,30047000.0
2025-04-12,BR023,수도권,직영점,5,3930000.0,340,0.13,4.07,46423000.0
2025-04-10,BR033,영남,직영점,15,2116000.0,326,0.105,4.81,45132000.0
2025-08-23,BR037,영남,직영점,2,4111000.0,330,0.138,4.41,27580000.0
2025-05-06,BR020,수도권,직영점,10,2771000.0,303,0.113,5.0,47846000.0
2024-07-24,BR030,수도권,직영점,19,1289000.0,293,0.101,,53851000.0
2024-03-09,BR025,수도권,직영점,9,3560000.0,285,0.125,3.61,47081000.0
2025-01-28,BR044,호남,직영점,14,3188000.0,345,0.09,4.71,30516000.0
2025-08-09,BR030,영남,직영점,11,,345,0.121,3.5,43039000.0
2025-09-16,BR019,수도권,직영점,5,4773000.0,311,0.119,4.0,49166000.0
2024-05-27,BR044,호남,직영점,7,6265000.0,309,0.137,4.07,42108000.0
2024-05-31,BR005,충청,직영점,11,4019000.0,345,0.082,4.62,37559000.0
2024-01-24,BR045,충청,직영점,3,3115000.0,346,0.142,4.41,21423000.0
2024-03-31,BR007,강원,직영점,9,4197000.0,361,0.069,4.33,28160000.0
2024-12-21,BR013,수도권,직영점,9,1960000.0,329,0.084,3.9,41632000.0
2024-12-15,BR037,수도권,직영점,17,1849000.0,314,0.086,4.71,58601000.0
2024-08-25,BR034,영남,온라인,4,6820000.0,327,0.062,5.0,24652000.0
2024-07-17,BR044,수도권,온라인,17,1807000.0,347,0.156,,38466000.0
2025-06-15,BR034,영남,온라인,9,1416000.0,286,0.066,4.15,34158000.0
2024-10-21,BR029,수도권,대리점,13,4018000.0,373,0.079,3.45,48376000.0
2025-06-01,BR016,수도권,대리점,12,1973000.0,314,0.166,3.78,42788000.0
2025-09-08,BR001,수도권,직영점,7,4740000.0,334,0.084,3.99,44783000.0
2024-07-21,BR006,충청,온라인,18,5970000.0,326,0.102,3.83,28499000.0
2024-05-09,BR014,수도권,온라인,6,1582000.0,320,0.064,4.09,39315000.0
2025-09-01,BR002,수도권,온라인,2,4347000.0,281,,4.99,34365000.0
2025-02-10,BR023,호남,온라인,15,1774000.0,349,0.148,4.72,28106000.0
2024-07-05,BR035,수도권,대리점,13,2346000.0,354,0.143,4.02,38546000.0
2025-02-01,BR044,수도권,온라인,18,3449000.0,315,0.134,3.5,42501000.0
2024-11-25,BR023,수도권,온라인,10,1853000.0,326,0.113,4.77,32013000.0
2025-08-02,BR040,수도권,직영점,2,3237000.0,333,0.086,4.08,48184000.0
2024-06-12,BR045,수도권,온라인,2,2491000.0,344,0.073,3.24,41921000.0
2025-09-26,BR039,영남,직영점,9,4811000.0,321,,4.46,43899000.0
2025-08-22,BR021,수도권,온라인,6,4819000.0,322,0.144,4.61,35411000.0
2024-04-25,BR015,호남,온라인,18,1860000.0,343,,2.89,17347000.0
2024-04-15,BR045,강원,직영점,4,3503000.0,333,0.112,3.69,18676000.0
2024-12-07,BR011,수도권,대리점,17,5303000.0,338,0.096,4.04,60935000.0
2024-01-29,BR019,수도권,직영점,5,1235000.0,318,0.059,4.47,38571000.0
2024-07-10,BR004,수도권,온라인,4,2480000.0,330,0.118,3.84,29892000.0
2024-10-05,BR036,영남,온라인,6,3398000.0,295,0.091,3.68,30871000.0
2025-09-12,BR030,수도권,대리점,4,1190000.0,326,0.067,,42483000.0
2025-09-27,BR004,호남,온라인,9,2033000.0,348,0.043,3.87,25127000.0
2024-04-06,BR010,호남,직영점,7,7716000.0,315,0.04,4.37,41159000.0
2025-07-24,BR025,호남,직영점,11,1803000.0,325,0.093,3.54,32530000.0
2024-02-28,BR025,충청,대리점,11,1960000.0,323,0.106,3.42,25947000.0
2025-04-24,BR037,강원,직영점,2,3988000.0,332,0.071,4.48,25268000.0
2025-06-25,BR012,수도권,대리점,4,1070000.0,339,0.139,4.23,34848000.0
2025-07-24,BR042,충청,직영점,4,2519000.0,334,0.107,4.56,32350000.0
2024-05-22,BR021,수도권,직영점,5,1427000.0,288,0.136,3.83,46252000.0
2025-07-25,BR038,강원,대리점,3,3233000.0,332,0.102,3.7,23606000.0
2024-03-15,BR011,영남,온라인,7,121000.0,337,0.075,4.78,31673000.0
2024-11-28,BR002,호남,직영점,11,2930000.0,303,0.115,3.34,28154000.0
2024-10-27,BR003,수도권,온라인,7,3463000.0,315,0.053,4.73,41482000.0
2024-07-21,BR017,강원,대리점,7,2072000.0,341,0.134,4.76,20248000.0
2024-01-15,BR043,충청,직영점,10,2171000.0,301,0.068,4.53,37174000.0
2025-05-09,BR003,충청,대리점,11,1884000.0,299,0.151,3.76,30293000.0
2024-08-02,BR017,강원,대리점,7,2495000.0,306,0.095,3.69,22731000.0
2025-02-27,BR005,충청,직영점,5,6878000.0,336,0.158,3.99,47542000.0
2024-09-19,BR042,충청,대리점,9,4910000.0,309,0.059,3.45,39013000.0
2024-08-27,BR031,영남,직영점,2,2493000.0,328,0.08,3.62,37757000.0
2025-07-21,BR035,수도권,직영점,10,2033000.0,292,0.127,,49097000.0
2024-03-01,BR033,수도권,대리점,18,,321,0.163,4.42,59154000.0
2025-04-16,BR030,수도권,대리점,9,3090000.0,303,0.185,3.58,31378000.0
2025-04-22,BR035,수도권,온라인,3,1165000.0,311,0.112,4.44,34996000.0
2024-08-31,BR001,호남,직영점,14,2288000.0,323,0.193,4.33,29525000.0
2024-06-16,BR039,영남,온라인,4,6418000.0,304,0.097,4.85,31400000.0
2024-01-04,BR034,수도권,온라인,5,3883000.0,343,0.159,4.38,37415000.0
2025-08-22,BR034,충청,온라인,4,2050000.0,306,0.068,4.63,29224000.0
2025-08-29,BR018,충청,온라인,17,760000.0,339,0.129,4.34,23067000.0
2024-06-03,BR037,영남,직영점,19,3221000.0,321,0.005,4.59,50380000.0
2024-01-21,BR018,강원,대리점,12,2781000.0,306,0.06,3.46,26219000.0
2024-03-19,BR003,강원,직영점,13,2438000.0,333,0.131,4.04,28678000.0
2024-02-13,BR041,충청,온라인,13,4645000.0,311,0.051,4.08,35639000.0
2025-06-15,BR011,수도권,대리점,12,3915000.0,332,0.129,3.98,60052000.0
2025-07-24,BR005,충청,직영점,11,785000.0,302,0.151,4.32,32523000.0
2024-04-08,BR028,영남,온라인,19,2792000.0,309,0.087,4.42,33710000.0
2025-04-22,BR011,충청,직영점,15,974000.0,299,0.066,4.3,30944000.0
2024-04-24,BR039,영남,대리점,3,1908000.0,319,0.089,4.01,27140000.0
2024-08-23,BR020,영남,대리점,9,910000.0,301,0.067,3.73,26608000.0
2025-01-18,BR001,수도권,직영점,19,940000.0,308,0.105,4.65,55965000.0
2025-04-05,BR043,수도권,대리점,9,3496000.0,304,0.115,,44542000.0
2025-07-13,BR024,수도권,온라인,5,3263000.0,366,0.096,3.59,32790000.0
2024-01-29,BR012,수도권,직영점,17,2647000.0,275,0.185,4.0,58344000.0
2024-05-05,BR031,수도권,대리점,13,1783000.0,299,0.078,3.23,37823000.0
2024-06-28,BR024,영남,직영점,12,851000.0,324,0.173,4.12,34737000.0
2024-07-17,BR002,충청,대리점,9,1915000.0,341,0.063,4.0,32530000.0
2025-09-30,BR035,수도권,직영점,4,3273000.0,335,0.113,3.81,47117000.0
2025-05-12,BR019,영남,온라인,8,3222000.0,340,0.163,4.89,35592000.0
2024-07-24,BR032,호남,온라인,9,6333000.0,284,0.161,3.52,29207000.0
2025-09-13,BR041,수도권,직영점,18,5761000.0,337,0.091,4.45,70461000.0
2024-11-15,BR028,호남,직영점,7,2722000.0,345,0.135,5.0,30466000.0
2024-11-16,BR031,강원,대리점,4,1899000.0,326,0.129,4.64,25106000.0
2024-10-04,BR012,영남,대리점,9,1456000.0,293,0.086,4.08,35292000.0
2024-04-02,BR011,영남,대리점,19,735000.0,308,0.138,3.53,41113000.0
2025-08-20,BR019,수도권,직영점,10,1069000.0,325,,3.42,31785000.0
2024-01-09,BR039,강원,직영점,8,3277000.0,335,0.131,3.89,23804000.0
2024-04-21,BR024,충청,온라인,14,4096000.0,309,0.135,3.76,32777000.0
2024-05-26,BR016,강원,대리점,13,2196000.0,309,,3.74,13137000.0
2024-06-27,BR036,영남,온라인,7,10641000.0,300,0.044,3.94,43971000.0
2024-03-25,BR039,수도권,대리점,19,1078000.0,338,0.131,4.05,50075000.0
2024-01-12,BR041,수도권,온라인,12,669000.0,306,0.064,4.34,33779000.0
2025-03-09,BR014,영남,직영점,3,10525000.0,306,0.083,3.48,47253000.0
2025-09-12,BR032,영남,직영점,9,814000.0,323,0.207,3.76,26208000.0
2024-03-18,BR027,수도권,온라인,18,2174000.0,314,0.099,4.02,39705000.0
2024-07-08,BR021,영남,온라인,9,1555000.0,340,0.077,4.0,26833000.0
2024-11-20,BR018,호남,직영점,12,3444000.0,325,0.162,5.0,33793000.0
2025-08-16,BR006,충청,직영점,13,2054000.0,338,0.067,4.22,34537000.0
2025-03-20,BR013,충청,대리점,14,4105000.0,307,0.09,3.29,32502000.0
2025-05-05,BR025,수도권,대리점,17,4707000.0,329,0.166,4.31,49758000.0
2025-01-06,BR040,호남,직영점,4,728000.0,328,0.112,4.37,34656000.0
2024-09-23,BR039,수도권,온라인,11,1418000.0,318,0.04,4.04,35648000.0
2024-05-07,BR009,호남,직영점,11,4340000.0,277,0.134,3.49,35721000.0
2025-07-07,BR031,수도권,대리점,4,5330000.0,327,0.092,4.98,43259000.0
2025-05-29,BR004,영남,직영점,14,3033000.0,288,0.179,3.57,36378000.0
2024-01-17,BR031,수도권,직영점,4,3619000.0,310,0.083,4.43,39345000.0
2025-04-02,BR016,수도권,대리점,10,6591000.0,299,0.157,4.2,41763000.0
2024-02-24,BR021,호남,직영점,7,2073000.0,310,0.19,4.4,23444000.0
2025-04-17,BR033,충청,대리점,4,3010000.0,306,,4.95,30071000.0
2025-06-12,BR020,영남,직영점,16,5766000.0,308,0.101,4.38,55710000.0
2024-03-24,BR037,강원,온라인,6,5998000.0,337,0.127,3.82,15844000.0
2024-10-04,BR025,강원,대리점,6,2509000.0,278,0.071,4.65,21222000.0
2024-03-20,BR045,호남,온라인,17,1455000.0,304,0.122,3.78,20920000.0
2024-12-29,BR029,수도권,직영점,17,2489000.0,312,0.1,4.18,53813000.0
2025-08-16,BR014,영남,직영점,2,2663000.0,329,0.099,3.45,36644000.0
2024-02-21,BR035,호남,직영점,7,1413000.0,322,0.112,,26413000.0
2024-09-11,BR019,수도권,대리점,14,1585000.0,311,0.113,4.13,42422000.0
2025-09-14,BR025,수도권,직영점,16,6004000.0,313,0.117,4.28,68465000.0
2024-07-11,BR007,호남,직영점,19,3732000.0,314,0.083,3.25,42405000.0
2024-03-25,BR006,충청,직영점,11,2182000.0,319,0.085,4.35,32559000.0
2024-11-08,BR026,영남,직영점,2,1135000.0,348,0.105,3.69,30515000.0
2024-11-21,BR009,강원,직영점,17,1600000.0,314,0.108,4.74,28454000.0
2025-02-28,BR045,영남,직영점,4,618000.0,338,0.09,3.92,32947000.0
2024-07-19,BR039,충청,직영점,4,3088000.0,338,0.125,3.54,32185000.0
2025-09-03,BR032,수도권,대리점,14,1532000.0,295,,,39487000.0
2024-11-29,BR034,충청,직영점,12,3258000.0,299,0.077,3.64,37438000.0
2024-07-02,BR027,수도권,직영점,3,4311000.0,320,0.097,4.73,47360000.0
2025-09-06,BR003,호남,대리점,5,3291000.0,342,0.071,4.1,30913000.0
2025-08-14,BR018,호남,온라인,12,1987000.0,342,0.183,4.02,27905000.0
2024-11-15,BR023,수도권,직영점,6,1355000.0,331,0.111,4.4,44173000.0
2024-01-16,BR042,수도권,대리점,14,999000.0,326,0.118,3.6,38974000.0
2025-01-17,BR010,호남,온라인,9,5635000.0,283,0.088,3.46,31941000.0
2024-12-21,BR023,수도권,대리점,12,3194000.0,339,0.109,4.3,42120000.0
2024-04-04,BR016,충청,온라인,10,2072000.0,346,0.055,3.55,21030000.0
2025-02-09,BR007,충청,온라인,8,3942000.0,344,0.102,3.55,13530000.0
2025-06-22,BR005,영남,직영점,8,5065000.0,343,0.068,4.52,45491000.0
2024-03-08,BR017,수도권,대리점,14,1557000.0,295,0.098,4.36,39798000.0
2025-04-07,BR004,영남,대리점,11,3128000.0,301,,3.47,39055000.0
2024-03-30,BR004,수도권,온라인,12,3172000.0,318,0.059,3.79,31960000.0
2025-04-24,BR016,영남,대리점,12,6413000.0,344,0.176,3.65,37234000.0
2024-09-25,BR010,수도권,직영점,5,2051000.0,308,0.147,4.99,44353000.0
2024-01-05,BR025,충청,대리점,18,1316000.0,316,0.169,4.55,27728000.0
2025-09-10,BR001,충청,직영점,12,3368000.0,314,0.172,3.89,36576000.0
2024-04-16,BR014,수도권,온라인,14,4160000.0,292,0.14,4.39,39335000.0
2025-01-16,BR021,수도권,대리점,17,2954000.0,320,0.09,3.42,47319000.0
2024-04-26,BR044,수도권,대리점,18,6692000.0,322,0.063,3.76,60849000.0
2025-08-20,BR029,수도권,온라인,14,2046000.0,305,0.162,4.15,40697000.0
2025-04-17,BR040,수도권,대리점,16,3005000.0,272,0.113,4.33,47213000.0
2025-05-29,BR016,강원,대리점,10,783000.0,324,0.222,4.05,16452000.0
2024-10-03,BR021,충청,온라인,15,1257000.0,345,0.094,4.22,26337000.0
2024-10-26,BR019,호남,온라인,7,1565000.0,315,0.199,,23297000.0
2025-02-09,BR040,강원,온라인,14,2303000.0,315,0.103,4.02,18794000.0
2025-05-17,BR044,수도권,직영점,3,901000.0,343,0.17,,33945000.0
2025-06-26,BR044,영남,대리점,18,3905000.0,305,0.186,3.89,37315000.0
2024-01-12,BR034,호남,직영점,6,1458000.0,280,0.064,4.22,29033000.0
2025-02-28,BR023,영남,온라인,13,9479000.0,302,0.088,4.31,39030000.0
2024-03-10,BR025,충청,대리점,2,1499000.0,321,0.064,4.2,17095000.0
2024-07-03,BR045,충청,대리점,4,2794000.0,312,0.055,3.51,29121000.0
2025-06-14,BR013,수도권,직영점,19,2554000.0,342,0.14,3.6,58661000.0
2024-06-09,BR016,영남,직영점,17,1171000.0,290,0.101,4.3,34383000.0
2025-05-24,BR041,강원,대리점,6,2310000.0,337,0.112,4.84,25175000.0
2024-10-23,BR018,강원,직영점,4,2289000.0,306,0.135,4.18,28252000.0
2024-05-28,BR011,수도권,직영점,16,4710000.0,332,0.026,3.89,64963000.0
2024-08-01,BR026,영남,온라인,19,3453000.0,295,0.168,4.21,33270000.0
2024-12-05,BR015,수도권,온라인,5,3867000.0,325,0.094,3.53,30863000.0
2025-05-04,BR041,호남,직영점,13,4644000.0,313,0.134,4.75,39834000.0
2025-01-22,BR041,수도권,직영점,7,3909000.0,322,0.138,4.19,48537000.0
2025-08-20,BR014,강원,온라인,15,3110000.0,298,0.172,3.77,22941000.0
2025-07-09,BR024,호남,대리점,9,1554000.0,303,0.105,4.02,25818000.0
2025-04-27,BR045,수도권,대리점,4,2976000.0,340,,3.84,36392000.0
2025-01-20,BR034,수도권,직영점,7,1333000.0,297,0.113,4.76,44729000.0
2024-07-04,BR010,호남,직영점,11,2438000.0,325,0.119,4.0,35469000.0
2024-09-21,BR027,수도권,직영점,16,2215000.0,314,0.063,4.18,55745000.0
2024-03-17,BR028,영남,대리점,2,2319000.0,361,0.117,4.39,29899000.0
2024-08-27,BR030,호남,직영점,19,909000.0,334,0.094,3.73,43690000.0
2025-08-15,BR002,영남,직영점,13,125000.0,297,0.05,4.2,35685000.0
2024-09-29,BR014,충청,대리점,17,1927000.0,313,0.14,4.24,37937000.0
2024-03-13,BR039,충청,온라인,18,5356000.0,312,0.085,3.32,30639000.0
2025-02-21,BR011,수도권,온라인,4,2765000.0,310,0.092,4.23,37872000.0
2025-09-08,BR014,강원,대리점,3,5109000.0,295,0.089,4.08,29598000.0
2025-07-09,BR015,수도권,대리점,15,1340000.0,327,0.166,4.16,40262000.0
2024-06-24,BR008,수도권,대리점,5,1857000.0,307,0.108,4.12,42636000.0
2024-10-17,BR007,수도권,직영점,4,9834000.0,302,,4.23,61890000.0
2024-12-05,BR016,강원,대리점,10,1406000.0,317,0.09,4.77,20823000.0
2024-06-07,BR040,수도권,대리점,18,3818000.0,299,0.131,3.51,46740000.0
2024-06-20,BR001,호남,대리점,16,3814000.0,327,0.171,3.93,37490000.0
2024-05-31,BR013,영남,온라인,11,3540000.0,328,0.139,4.43,35995000.0
2025-09-28,BR003,호남,온라인,5,,311,0.141,,19748000.0
2025-04-22,BR026,강원,직영점,8,1390000.0,333,0.137,4.33,24798000.0
2025-06-22,BR012,호남,직영점,14,1997000.0,332,0.048,5.0,39877000.0
2025-06-06,BR036,강원,직영점,4,180000.0,308,0.071,4.41,20487000.0
2025-09-05,BR027,수도권,직영점,11,6550000.0,292,0.101,4.67,69901000.0
2024-03-08,BR036,호남,직영점,2,3834000.0,276,0.077,3.95,30871000.0
2025-07-18,BR029,영남,직영점,7,1567000.0,354,0.062,3.6,35887000.0
2024-02-12,BR020,영남,온라인,6,1352000.0,323,0.026,3.94,32669000.0
2024-10-31,BR039,호남,대리점,14,5416000.0,324,0.049,4.46,36464000.0
2025-01-15,BR022,강원,온라인,18,1482000.0,328,0.098,4.3,28790000.0
2024-08-17,BR043,영남,직영점,4,1563000.0,318,0.107,4.3,25897000.0
2024-04-03,BR045,충청,직영점,16,1129000.0,316,0.074,3.99,34964000.0
2024-05-03,BR027,충청,대리점,13,4318000.0,316,0.114,3.91,38433000.0
2025-06-11,BR031,충청,직영점,19,5061000.0,313,,4.01,52133000.0
2024-07-22,BR012,수도권,직영점,18,2225000.0,316,0.159,4.46,50412000.0
2024-07-17,BR037,충청,온라인,3,5082000.0,321,0.103,4.52,23224000.0
2025-08-13,BR031,수도권,직영점,15,3341000.0,328,0.141,3.6,54591000.0
2024-04-02,BR041,수도권,직영점,12,1073000.0,332,0.119,4.48,44597000.0
2025-08-08,BR013,호남,대리점,4,6251000.0,307,0.047,3.77,30767000.0
2025-08-12,BR036,충청,대리점,6,1119000.0,326,0.106,,29608000.0
2025-01-18,BR022,강원,대리점,18,2344000.0,297,0.054,4.0,26741000.0
2024-04-15,BR009,영남,직영점,11,2230000.0,319,0.105,,33042000.0
2024-04-09,BR008,수도권,온라인,8,1951000.0,316,0.076,3.89,29079000.0
2024-07-01,BR026,수도권,직영점,7,437000.0,299,0.127,4.19,38576000.0
2025-01-04,BR015,수도권,대리점,17,8586000.0,320,0.05,4.4,55833000.0
2024-04-08,BR005,강원,대리점,7,502000.0,302,0.111,,18249000.0
2024-10-18,BR020,수도권,온라인,4,6500000.0,329,0.136,4.06,33183000.0
2024-03-14,BR030,충청,직영점,12,1315000.0,309,0.151,3.97,38738000.0
2024-12-11,BR015,강원,대리점,19,1682000.0,341,0.076,3.84,37770000.0
2024-01-14,BR043,강원,직영점,5,6100000.0,334,0.111,3.88,26092000.0
2025-03-29,BR036,수도권,직영점,6,3586000.0,325,0.118,4.66,49096000.0
2024-02-05,BR024,수도권,직영점,10,807000.0,299,0.18,3.8,34965000.0
2024-05-04,BR043,수도권,대리점,5,792000.0,330,0.043,,35733000.0
2024-04-21,BR020,수도권,직영점,13,3239000.0,317,0.069,4.26,62197000.0
2025-06-15,BR007,수도권,대리점,6,1103000.0,304,0.236,3.4,26283000.0
2024-02-04,BR002,영남,직영점,4,3700000.0,298,0.098,4.36,36013000.0
2024-10-01,BR043,호남,온라인,6,3955000.0,295,0.025,3.39,21788000.0
2025-01-13,BR044,영남,온라인,18,1430000.0,310,0.084,4.41,38949000.0
2024-11-26,BR034,영남,직영점,18,1753000.0,317,0.0,3.85,33347000.0
2025-03-11,BR005,수도권,직영점,11,3312000.0,319,0.121,4.1,48395000.0
2025-05-28,BR014,호남,직영점,9,1380000.0,305,0.146,3.45,27748000.0
2024-09-08,BR002,영남,온라인,16,2768000.0,288,0.069,4.16,31749000.0
2025-06-14,BR003,호남,직영점,5,10206000.0,329,0.089,4.56,48720000.0
2024-07-22,BR012,강원,대리점,13,3420000.0,323,0.152,3.7,30804000.0
2025-09-22,BR026,수도권,대리점,14,1971000.0,301,0.031,3.8,39458000.0
2024-11-18,BR003,수도권,온라인,14,9135000.0,336,0.051,4.33,63838000.0
2025-04-16,BR045,수도권,대리점,5,4522000.0,314,0.1,4.34,36528000.0
2025-07-14,BR021,충청,대리점,14,1126000.0,303,0.076,2.88,33936000.0
2025-05-22,BR012,강원,온라인,13,1310000.0,312,0.097,5.0,23498000.0
2025-06-28,BR024,수도권,직영점,17,565000.0,351,0.053,4.36,51748000.0
2024-12-09,BR036,호남,온라인,5,3271000.0,294,0.12,4.45,22055000.0
2024-01-28,BR015,영남,직영점,13,356000.0,306,0.103,4.03,36630000.0
2024-11-11,BR003,수도권,대리점,16,9128000.0,298,0.135,3.17,58034000.0
2024-04-26,BR003,수도권,온라인,7,2151000.0,331,0.119,4.44,30500000.0
2025-07-23,BR039,영남,대리점,15,4706000.0,340,0.119,3.82,39983000.0
2024-05-31,BR006,영남,대리점,3,2010000.0,337,0.045,4.37,27928000.0
2024-05-25,BR029,충청,직영점,14,3232000.0,304,,3.99,32109000.0
2024-06-08,BR018,수도권,대리점,12,2367000.0,258,0.095,4.22,38625000.0
2025-02-15,BR035,영남,직영점,5,2712000.0,332,0.103,3.71,30333000.0
2024-12-31,BR003,수도권,대리점,3,5677000.0,328,0.157,4.53,40325000.0
2025-08-30,BR041,강원,대리점,15,7474000.0,283,0.078,3.51,34467000.0
2024-09-23,BR032,수도권,직영점,6,7109000.0,307,0.171,5.0,55502000.0
2024-06-29,BR021,수도권,직영점,10,15191000.0,290,0.175,5.0,86705000.0
2024-02-01,BR010,충청,직영점,3,1504000.0,323,0.144,4.92,19122000.0
2024-01-05,BR044,충청,직영점,19,3449000.0,346,0.066,4.74,47610000.0
2024-08-27,BR014,충청,직영점,11,1532000.0,353,0.012,4.06,37018000.0
2025-08-15,BR023,충청,온라인,18,5527000.0,337,0.159,4.68,38251000.0
2024-12-01,BR018,강원,대리점,4,1172000.0,327,0.115,4.05,22771000.0
2025-07-25,BR011,충청,직영점,5,5740000.0,370,0.076,3.32,36584000.0
2024-03-06,BR019,충청,대리점,12,3024000.0,320,0.163,,32589000.0
2024-02-29,BR007,충청,온라인,12,2466000.0,300,0.071,4.66,25646000.0
2025-06-17,BR001,수도권,직영점,16,2673000.0,291,0.091,4.08,56414000.0
2024-03-09,BR014,영남,직영점,18,1002000.0,341,0.134,3.49,32739000.0
2024-02-03,BR006,수도권,직영점,16,1077000.0,331,0.06,3.81,54916000.0
2024-09-15,BR019,영남,직영점,4,3062000.0,299,0.105,3.19,32831000.0
2025-08-14,BR039,수도권,온라인,7,3047000.0,320,0.159,4.57,32754000.0
2025-03-17,BR008,강원,온라인,18,1588000.0,331,0.119,3.3,22038000.0
2024-03-04,BR001,충청,직영점,11,2134000.0,325,0.166,4.24,32428000.0
2025-06-19,BR005,호남,대리점,17,3649000.0,314,0.161,3.68,38089000.0
2025-06-23,BR023,충청,직영점,12,1374000.0,294,0.11,3.39,45244000.0
2025-05-27,BR013,수도권,대리점,2,,302,0.005,4.22,39212000.0
2025-07-31,BR023,호남,온라인,10,6700000.0,324,0.06,3.93,29642000.0
2024-06-02,BR002,영남,직영점,16,3212000.0,306,0.144,4.52,47384000.0
2025-09-18,BR015,호남,직영점,13,1818000.0,365,0.04,3.47,38755000.0
2024-07-24,BR019,충청,대리점,4,1528000.0,318,0.095,3.72,20498000.0
2025-05-28,BR020,영남,온라인,5,1363000.0,314,0.125,2.91,17107000.0
2025-01-05,BR025,호남,직영점,17,5513000.0,311,0.176,3.01,38667000.0
2025-05-13,BR036,영남,직영점,19,858000.0,331,0.084,5.0,49563000.0
2025-02-05,BR022,수도권,직영점,15,3443000.0,348,0.081,5.0,52920000.0
2025-02-15,BR038,영남,대리점,3,3441000.0,317,0.108,4.15,27877000.0
2025-01-29,BR024,영남,대리점,13,4370000.0,327,0.126,3.69,40616000.0
2025-05-13,BR012,강원,온라인,16,1954000.0,332,0.103,3.95,23895000.0
2025-04-17,BR011,수도권,온라인,13,6339000.0,330,0.157,4.54,51761000.0
2024-03-27,BR015,충청,온라인,12,4456000.0,351,0.074,3.84,25111000.0
2025-06-12,BR027,호남,온라인,10,1904000.0,317,0.115,4.22,34569000.0
2024-12-09,BR011,충청,직영점,6,1472000.0,320,0.13,4.09,22623000.0
2024-07-25,BR042,영남,대리점,7,2372000.0,357,0.092,3.82,23956000.0
2024-11-25,BR022,충청,직영점,15,1856000.0,319,0.148,3.84,34727000.0
2025-09-10,BR039,수도권,직영점,3,1283000.0,327,0.117,,33493000.0
2025-07-02,BR031,영남,온라인,3,2759000.0,297,0.145,3.61,23605000.0
2025-06-17,BR016,수도권,대리점,9,2145000.0,313,0.119,4.33,39643000.0
2024-10-23,BR011,수도권,온라인,15,7315000.0,303,0.127,3.86,47164000.0
2025-05-16,BR034,영남,대리점,13,1854000.0,331,0.082,4.16,32575000.0
2024-09-03,BR015,영남,대리점,12,1461000.0,331,0.082,4.79,37832000.0
2025-03-15,BR012,호남,대리점,11,2633000.0,303,0.165,4.02,26511000.0
2025-02-13,BR042,수도권,직영점,3,3142000.0,344,0.139,,48051000.0
2024-06-08,BR022,수도권,직영점,7,3311000.0,318,0.064,3.2,45404000.0
2024-06-19,BR003,강원,대리점,3,3288000.0,343,0.118,3.86,17849000.0
2024-02-09,BR023,수도권,직영점,15,2697000.0,334,0.003,4.11,51034000.0
2024-03-30,BR021,수도권,온라인,15,2559000.0,344,0.084,5.0,43063000.0
2024-10-04,BR039,수도권,직영점,6,3970000.0,303,0.153,3.12,37018000.0
2024-11-01,BR033,충청,직영점,7,1187000.0,326,0.104,4.05,24448000.0
2024-04-15,BR009,호남,온라인,7,1469000.0,297,0.115,4.83,25368000.0
2024-09-23,BR007,호남,직영점,18,669000.0,334,0.0,3.71,30819000.0
2025-01-21,BR028,영남,온라인,10,1204000.0,299,0.092,3.99,33655000.0
2024-05-28,BR003,수도권,대리점,15,,338,0.125,4.27,52591000.0
2024-08-04,BR015,수도권,직영점,10,3858000.0,303,0.131,4.19,49791000.0
2024-08-23,BR007,충청,대리점,14,7937000.0,321,0.153,4.88,36775000.0
2024-11-19,BR001,수도권,대리점,11,6763000.0,303,0.101,4.32,55274000.0
2024-08-22,BR042,수도권,온라인,7,3880000.0,304,0.103,4.76,38235000.0
2025-04-16,BR005,수도권,온라인,17,2914000.0,334,0.05,3.92,41550000.0
2024-07-28,BR001,수도권,대리점,14,2669000.0,359,0.101,3.73,46593000.0
2024-10-04,BR042,영남,대리점,15,332000.0,299,0.053,3.99,27518000.0
2024-08-30,BR009,영남,직영점,19,2461000.0,303,0.027,3.52,40347000.0
2024-04-27,BR037,수도권,대리점,6,1681000.0,330,0.061,4.34,34343000.0
2025-03-14,BR002,충청,온라인,3,1249000.0,321,0.178,3.91,20418000.0
2024-05-30,BR007,호남,대리점,12,3472000.0,336,0.098,3.76,31602000.0
2024-07-09,BR005,영남,대리점,7,2250000.0,315,0.12,4.35,35955000.0
2025-05-22,BR032,호남,대리점,9,2787000.0,297,0.087,3.53,24073000.0
2025-08-30,BR028,충청,온라인,6,1100000.0,317,0.029,4.49,27102000.0
2025-03-05,BR022,호남,온라인,9,4583000.0,350,0.152,3.86,26441000.0
2025-08-09,BR011,수도권,직영점,9,1847000.0,314,0.012,4.68,46828000.0
2025-06-30,BR004,수도권,직영점,8,3347000.0,310,0.085,3.9,49712000.0
2024-11-03,BR026,수도권,대리점,15,1968000.0,324,0.108,4.42,45296000.0
2025-05-07,BR011,충청,대리점,12,265000.0,349,0.12,4.19,25428000.0
2024-07-29,BR027,충청,대리점,10,3568000.0,338,0.077,4.47,33637000.0
2024-10-21,BR031,수도권,직영점,4,2360000.0,299,0.027,4.15,44027000.0
2024-12-08,BR039,호남,대리점,12,625000.0,318,0.074,,26062000.0
2025-09-06,BR023,수도권,대리점,5,987000.0,334,0.076,4.6,35167000.0
2025-06-27,BR001,수도권,대리점,7,4672000.0,308,0.075,4.06,39097000.0
2024-11-09,BR013,수도권,대리점,9,656000.0,308,0.154,4.49,35993000.0
2025-02-21,BR039,충청,대리점,4,1810000.0,333,0.055,4.45,24135000.0
2024-05-09,BR024,수도권,대리점,9,8377000.0,332,0.124,3.71,48028000.0
2025-05-29,BR028,수도권,온라인,6,3631000.0,331,0.117,3.64,33747000.0
2024-12-19,BR021,수도권,대리점,17,4253000.0,333,0.153,4.43,53934000.0
2024-12-06,BR008,호남,대리점,17,2108000.0,307,0.104,3.95,32886000.0
2025-05-05,BR041,강원,대리점,2,572000.0,342,0.146,4.57,16100000.0
2025-02-09,BR035,충청,직영점,12,2978000.0,343,0.102,4.01,34811000.0
2024-02-16,BR045,영남,직영점,13,1049000.0,323,0.13,4.61,41735000.0
2024-07-03,BR039,호남,대리점,8,961000.0,316,0.042,4.31,17400000.0
2024-04-23,BR014,강원,온라인,10,2742000.0,312,0.0,4.24,27395000.0
2025-04-15,BR012,영남,대리점,16,1114000.0,318,0.127,3.91,26829000.0
2024-01-23,BR012,호남,직영점,8,2522000.0,345,0.129,4.22,26253000.0
2024-05-09,BR042,호남,대리점,3,1509000.0,328,0.131,4.7,21815000.0
2025-01-17,BR026,호남,직영점,8,2459000.0,329,0.086,4.07,41819000.0
2025-03-20,BR021,충청,대리점,6,1720000.0,300,0.177,4.37,31579000.0
2024-11-18,BR044,수도권,온라인,8,2509000.0,319,0.089,4.12,38739000.0
2025-07-04,BR028,수도권,대리점,6,6408000.0,324,0.129,4.16,47710000.0
2025-08-11,BR041,충청,대리점,4,4317000.0,311,0.137,4.96,21915000.0
2024-03-25,BR045,충청,직영점,19,2311000.0,344,0.187,4.7,40416000.0
2025-09-01,BR004,충청,대리점,4,5762000.0,278,0.096,4.14,28647000.0
2025-01-28,BR017,영남,온라인,14,3380000.0,324,0.081,4.21,31328000.0
2025-02-11,BR034,영남,대리점,14,5508000.0,299,0.043,3.75,43578000.0
2024-03-01,BR037,호남,대리점,13,728000.0,334,0.18,4.01,24346000.0
2025-02-01,BR007,수도권,직영점,18,1125000.0,318,0.129,4.25,55289000.0
2025-04-09,BR015,수도권,직영점,2,2954000.0,328,,4.53,33628000.0
2025-01-06,BR025,호남,직영점,7,2269000.0,317,0.25,4.47,27690000.0
2024-02-24,BR036,호남,직영점,5,2513000.0,304,0.125,3.55,24319000.0
2024-11-30,BR006,강원,직영점,12,3761000.0,290,0.051,4.59,31261000.0
2025-08-22,BR028,호남,온라인,13,2974000.0,280,0.101,4.06,28395000.0
2025-04-07,BR014,호남,대리점,18,4594000.0,301,0.066,3.61,32045000.0
2024-03-28,BR010,수도권,직영점,8,4511000.0,324,0.092,4.77,54357000.0
2025-09-06,BR024,충청,직영점,6,1171000.0,333,0.092,4.83,30644000.0
2025-09-05,BR019,수도권,직영점,18,277000.0,306,0.084,4.23,48212000.0
2024-04-18,BR029,영남,온라인,14,1107000.0,321,0.047,4.45,30495000.0
2025-05-27,BR015,강원,직영점,15,1046000.0,341,0.182,4.48,27519000.0
2024-09-17,BR038,수도권,온라인,10,2650000.0,323,0.123,4.8,34796000.0
2025-01-14,BR004,영남,온라인,10,2626000.0,308,0.1,4.46,30799000.0
2024-10-11,BR039,수도권,직영점,9,2169000.0,306,0.144,3.44,40985000.0
2025-05-15,BR002,수도권,대리점,15,3470000.0,289,0.131,,45912000.0
2025-09-29,BR034,수도권,온라인,5,10753000.0,314,0.122,4.63,55949000.0
2025-05-23,BR016,수도권,대리점,19,2134000.0,298,0.141,3.85,47688000.0
2025-08-19,BR018,강원,직영점,5,3040000.0,305,0.116,3.59,23234000.0
2025-08-28,BR001,충청,온라인,10,2513000.0,312,0.14,4.35,26481000.0
2024-02-27,BR032,호남,온라인,7,1602000.0,358,0.144,3.96,18059000.0
2024-06-11,BR008,영남,대리점,13,3785000.0,330,0.117,4.26,36844000.0
2025-04-06,BR030,수도권,대리점,14,2056000.0,320,0.1,4.47,43886000.0
2025-01-12,BR033,수도권,직영점,18,1341000.0,347,0.179,3.82,44502000.0
2024-02-02,BR039,호남,온라인,16,1425000.0,322,0.088,3.54,28437000.0
2024-03-01,BR032,수도권,대리점,6,,325,0.128,4.29,40766000.0
2024-11-29,BR014,호남,직영점,5,3722000.0,326,0.129,,29562000.0
2025-01-29,BR034,수도권,대리점,17,1744000.0,325,0.083,4.17,44711000.0
2024-04-17,BR038,영남,온라인,10,3431000.0,301,0.074,3.43,43152000.0
2024-04-19,BR015,호남,온라인,3,2534000.0,307,0.094,3.97,19043000.0
2024-03-23,BR006,수도권,직영점,16,3077000.0,321,0.088,4.46,48340000.0
2024-12-27,BR041,수도권,직영점,13,1569000.0,330,0.044,4.4,45601000.0
2024-01-06,BR007,강원,온라인,2,1075000.0,312,0.081,3.71,19585000.0
2025-01-01,BR027,수도권,온라인,16,2047000.0,307,0.122,3.52,43756000.0
2024-10-31,BR011,충청,대리점,12,1238000.0,314,0.167,,24639000.0
2024-10-25,BR006,충청,대리점,13,1163000.0,295,0.135,4.38,34324000.0
2025-03-10,BR035,수도권,대리점,17,769000.0,300,0.0,4.3,50792000.0
2024-11-30,BR007,호남,대리점,10,280000.0,294,0.139,3.84,23069000.0
2025-04-10,BR031,호남,직영점,10,1769000.0,304,0.085,4.25,31596000.0
2025-05-03,BR032,수도권,직영점,13,5288000.0,307,0.13,4.85,59305000.0
2025-08-11,BR003,호남,직영점,5,4453000.0,296,0.109,4.2,36686000.0
2025-05-26,BR008,수도권,온라인,4,7030000.0,341,,3.28,41424000.0
2024-11-27,BR036,수도권,직영점,17,1121000.0,307,0.105,4.2,48339000.0
2024-11-10,BR023,영남,직영점,5,3951000.0,308,0.109,,39180000.0
2024-05-30,BR006,강원,대리점,11,2303000.0,316,0.17,3.46,30777000.0
2025-01-18,BR045,수도권,직영점,6,1427000.0,349,0.109,4.11,43226000.0
2024-03-30,BR012,수도권,직영점,6,4898000.0,324,0.159,3.99,51248000.0
2025-08-18,BR001,충청,대리점,12,2320000.0,331,0.152,4.15,32276000.0
2025-06-24,BR042,호남,직영점,16,499000.0,324,0.14,4.2,34398000.0
2024-03-17,BR001,수도권,대리점,9,4422000.0,307,0.03,4.67,49344000.0
2025-05-18,BR025,충청,온라인,4,3271000.0,331,0.16,4.14,27005000.0
2024-03-15,BR045,영남,직영점,6,2759000.0,314,0.089,4.74,41521000.0
2025-04-06,BR027,수도권,온라인,4,937000.0,338,0.142,4.04,29456000.0
2024-02-26,BR027,수도권,온라인,17,,311,0.066,3.92,40584000.0
2024-11-08,BR018,수도권,온라인,7,6419000.0,293,0.057,3.77,43775000.0
2025-02-25,BR006,충청,대리점,8,3208000.0,310,0.199,3.19,25285000.0
2025-04-11,BR026,충청,대리점,3,667000.0,321,0.067,4.24,22875000.0
2024-09-24,BR041,호남,대리점,10,3379000.0,314,0.162,5.0,41642000.0
2025-08-12,BR005,영남,대리점,18,3232000.0,316,0.115,4.33,34571000.0
2025-05-10,BR040,영남,직영점,9,4169000.0,345,0.091,,47833000.0
2024-05-13,BR019,강원,온라인,13,3170000.0,341,0.108,3.89,20111000.0
2025-03-05,BR025,충청,대리점,5,1166000.0,332,0.051,3.98,26894000.0
2025-04-12,BR008,충청,온라인,4,2654000.0,319,0.109,4.59,34871000.0
2024-08-01,BR028,강원,직영점,15,,341,0.061,5.0,29573000.0
2025-04-17,BR009,수도권,직영점,3,2884000.0,310,0.092,4.84,41450000.0
2025-07-28,BR013,영남,대리점,10,5016000.0,317,0.152,4.5,37864000.0
2025-06-06,BR033,호남,대리점,7,1505000.0,297,0.121,4.12,21411000.0
2025-05-03,BR003,수도권,대리점,2,7715000.0,346,0.043,4.2,53281000.0
2025-02-10,BR021,충청,직영점,11,3364000.0,318,0.148,3.72,32379000.0
2024-06-22,BR027,수도권,직영점,19,4438000.0,345,0.11,3.38,62814000.0
2025-05-23,BR006,수도권,대리점,3,4049000.0,339,,3.54,33407000.0
2024-08-21,BR014,충청,직영점,16,3271000.0,312,,4.12,31179000.0
2024-12-06,BR016,수도권,온라인,11,3694000.0,345,0.102,3.95,39147000.0
2024-07-20,BR030,호남,직영점,15,41000.0,319,0.058,3.37,25835000.0
2024-07-19,BR044,호남,직영점,3,4044000.0,338,0.193,4.08,35513000.0
2024-04-10,BR038,호남,직영점,17,1244000.0,308,0.109,3.94,28843000.0
2025-09-07,BR009,수도권,대리점,2,2422000.0,296,0.106,3.51,28237000.0
2024-04-04,BR001,수도권,대리점,18,3255000.0,323,0.092,3.91,51933000.0
2024-02-25,BR003,수도권,대리점,13,5164000.0,296,0.163,3.94,44369000.0
2025-08-22,BR027,수도권,온라인,8,1244000.0,320,0.086,3.79,26363000.0
2024-12-21,BR008,강원,직영점,2,1803000.0,322,0.04,4.56,33739000.0
2024-10-07,BR011,충청,대리점,12,1994000.0,299,0.079,3.15,24789000.0
2025-04-16,BR039,수도권,직영점,3,2908000.0,342,0.17,3.11,36441000.0
2024-09-02,BR040,호남,직영점,12,2088000.0,327,0.147,4.1,32095000.0
2024-03-22,BR038,충청,대리점,15,3705000.0,340,0.099,4.15,38576000.0
2025-04-11,BR012,수도권,직영점,6,520000.0,340,0.172,4.3,39424000.0
2024-04-22,BR028,수도권,대리점,6,2284000.0,317,0.144,3.83,32181000.0
2024-12-19,BR028,영남,대리점,5,6826000.0,314,0.098,3.64,36139000.0
2025-08-30,BR009,호남,대리점,6,2092000.0,297,0.103,4.1,24747000.0
2025-08-22,BR025,수도권,대리점,4,3372000.0,314,0.125,3.88,40224000.0
2024-08-18,BR024,호남,대리점,6,4652000.0,308,0.073,4.88,27028000.0
2025-05-14,BR018,호남,직영점,13,3297000.0,324,0.11,3.94,44945000.0
2025-01-27,BR034,호남,직영점,7,8154000.0,322,0.124,4.07,37499000.0
2024-11-02,BR031,수도권,직영점,16,2699000.0,337,0.034,5.0,60408000.0
2024-03-30,BR024,수도권,대리점,16,3831000.0,387,0.101,4.0,46555000.0
2024-08-28,BR033,호남,온라인,15,2993000.0,325,0.096,4.38,24096000.0
2025-02-21,BR035,수도권,직영점,11,5962000.0,311,0.156,4.42,52400000.0
2025-09-23,BR026,영남,대리점,7,1871000.0,313,0.027,4.47,29811000.0
2024-01-04,BR013,호남,온라인,18,8571000.0,293,0.093,,36123000.0
2025-04-04,BR035,수도권,온라인,5,1535000.0,321,0.088,4.2,27820000.0
2025-06-25,BR033,호남,대리점,10,7244000.0,330,0.153,,38234000.0
2025-08-31,BR045,강원,대리점,10,1126000.0,308,0.108,3.81,18895000.0
2024-09-28,BR007,영남,대리점,15,3914000.0,349,0.191,4.26,34730000.0
2024-03-16,BR019,충청,온라인,11,2534000.0,289,0.14,5.0,25411000.0
2024-06-22,BR042,호남,직영점,16,4589000.0,345,0.092,4.71,47474000.0
2025-06-28,BR024,충청,온라인,18,3429000.0,306,0.121,4.25,32496000.0
2025-07-15,BR043,영남,직영점,9,4426000.0,325,0.094,4.53,43502000.0
2025-02-11,BR001,호남,온라인,17,1093000.0,329,0.149,3.67,19802000.0
2024-03-19,BR002,영남,직영점,5,617000.0,327,0.05,3.97,28397000.0
2024-03-19,BR036,수도권,직영점,18,946000.0,319,0.073,4.57,49156000.0
2024-11-02,BR017,수도권,직영점,5,925000.0,314,0.131,4.84,45485000.0
2025-01-11,BR024,수도권,대리점,17,1082000.0,324,0.165,3.71,43674000.0
2024-01-21,BR020,충청,직영점,9,1618000.0,314,0.011,3.86,30849000.0
2025-03-15,BR019,충청,직영점,19,1607000.0,322,0.172,5.0,36695000.0
2024-12-14,BR043,영남,대리점,4,2577000.0,332,0.104,4.15,27051000.0
2024-01-08,BR005,충청,대리점,10,1319000.0,314,0.025,5.0,28076000.0
2024-03-02,BR035,호남,온라인,18,1406000.0,284,0.0,4.2,32118000.0
2024-10-17,BR041,호남,온라인,2,2187000.0,320,0.041,4.22,21444000.0
2025-04-07,BR030,수도권,대리점,6,5007000.0,332,0.109,3.95,52336000.0
2025-06-12,BR018,영남,직영점,3,1847000.0,341,0.107,4.57,39177000.0
2024-10-03,BR008,영남,직영점,7,2456000.0,311,0.138,4.78,42488000.0
2024-07-08,BR031,충청,온라인,9,2751000.0,324,0.085,3.58,28757000.0
2025-09-11,BR022,수도권,직영점,13,1191000.0,323,0.06,3.92,47311000.0
2024-10-20,BR007,호남,대리점,6,1986000.0,302,0.091,4.56,29260000.0
2024-07-20,BR017,강원,온라인,4,1497000.0,299,0.112,4.04,15934000.0
2024-10-10,BR044,영남,온라인,5,4700000.0,329,0.12,3.85,36613000.0
2024-01-08,BR012,호남,대리점,18,4449000.0,314,0.074,4.6,39991000.0
2024-07-12,BR009,강원,대리점,19,1379000.0,335,0.151,4.65,28852000.0
2024-11-25,BR031,수도권,대리점,5,2422000.0,360,,3.88,39252000.0
2025-08-10,BR009,영남,온라인,5,3833000.0,336,0.071,4.21,37809000.0
2025-04-17,BR042,충청,직영점,2,3176000.0,308,0.086,3.5,23181000.0
2025-05-15,BR039,강원,직영점,19,3414000.0,294,0.158,3.65,39993000.0
2024-12-14,BR045,수도권,대리점,14,1197000.0,302,0.104,4.16,41153000.0
2024-03-11,BR042,충청,직영점,15,7076000.0,302,0.079,4.12,40780000.0
2024-09-07,BR011,호남,대리점,7,1593000.0,355,0.152,3.62,21391000.0
2025-09-30,BR010,수도권,직영점,13,1558000.0,323,0.206,3.74,36347000.0
2024-01-29,BR016,호남,온라인,3,847000.0,342,0.119,3.57,21731000.0
2025-07-16,BR022,충청,온라인,14,2258000.0,333,0.166,4.33,23025000.0
2025-03-14,BR040,강원,대리점,12,5355000.0,326,0.157,3.12,27536000.0
2024-06-30,BR034,호남,온라인,7,3154000.0,300,0.083,3.59,29036000.0
2025-05-12,BR029,수도권,직영점,14,2389000.0,346,0.111,3.17,46638000.0
2025-06-19,BR040,호남,대리점,13,4237000.0,311,0.052,4.31,33903000.0
2024-01-28,BR030,수도권,직영점,9,5269000.0,289,0.101,3.2,45037000.0
2024-03-09,BR018,영남,온라인,5,4442000.0,316,0.082,4.12,28969000.0
2025-03-02,BR019,영남,온라인,2,453000.0,313,0.092,4.92,34450000.0
2025-10-01,BR024,호남,온라인,18,4261000.0,315,0.076,4.94,37209000.0
2024-01-16,BR004,수도권,온라인,7,3507000.0,311,0.097,3.2,33343000.0
2025-03-02,BR034,수도권,온라인,7,1354000.0,311,0.134,4.25,28873000.0
2024-03-28,BR030,영남,직영점,14,3517000.0,295,0.105,3.61,42517000.0
2025-02-20,BR033,영남,온라인,6,5362000.0,348,0.026,3.5,34207000.0
2025-02-02,BR025,충청,대리점,8,1649000.0,311,0.076,4.04,26189000.0
2024-02-27,BR036,수도권,대리점,14,4652000.0,312,0.042,,55635000.0
2025-03-11,BR043,수도권,대리점,12,,323,0.121,4.4,41164000.0
2025-07-28,BR026,호남,직영점,13,94000.0,323,0.133,3.74,25747000.0
2025-07-06,BR020,수도권,직영점,2,2517000.0,312,0.122,4.45,41818000.0
2024-01-19,BR005,충청,직영점,10,,320,0.075,2.98,29311000.0
2024-06-06,BR036,강원,직영점,10,,311,0.121,3.72,29510000.0
2024-06-03,BR041,수도권,대리점,13,3285000.0,294,0.089,3.69,44732000.0
2024-10-17,BR032,영남,온라인,4,2326000.0,328,0.059,4.14,19884000.0
2024-04-01,BR039,수도권,대리점,4,9674000.0,364,0.143,4.0,52286000.0
2025-06-30,BR039,호남,대리점,15,1939000.0,307,0.147,4.03,22627000.0
2025-05-12,BR036,영남,대리점,14,1386000.0,327,0.153,4.01,36337000.0
2025-06-01,BR023,호남,대리점,16,4498000.0,310,0.083,4.11,34980000.0
2024-05-06,BR005,수도권,직영점,6,2129000.0,304,0.163,4.37,48724000.0
2024-01-10,BR001,영남,온라인,19,2418000.0,296,0.088,4.17,39973000.0
2025-08-05,BR010,호남,직영점,6,2270000.0,359,0.139,3.96,25440000.0
2024-07-03,BR020,수도권,대리점,13,4335000.0,321,0.087,4.3,40944000.0
2025-02-24,BR034,수도권,온라인,4,1075000.0,310,0.1,4.51,27161000.0
2025-08-05,BR021,수도권,대리점,18,4646000.0,338,0.001,3.82,51649000.0
2024-01-24,BR002,강원,온라인,7,3704000.0,313,0.096,4.07,29434000.0
2024-01-04,BR010,영남,직영점,16,7730000.0,325,0.114,4.68,55871000.0
2024-01-04,BR045,영남,온라인,7,2948000.0,333,0.092,3.55,32438000.0
2024-04-10,BR045,영남,대리점,16,1144000.0,345,0.189,5.0,34530000.0
2024-02-03,BR017,영남,온라인,10,2971000.0,328,,3.43,30212000.0
2025-06-08,BR037,충청,대리점,3,3233000.0,325,0.085,3.93,27096000.0
2025-01-22,BR033,충청,온라인,5,5664000.0,336,0.069,3.62,33111000.0
2025-09-19,BR042,영남,온라인,14,1141000.0,320,0.085,5.0,33796000.0
2025-05-27,BR040,수도권,대리점,5,668000.0,300,0.156,3.85,25984000.0
2025-09-08,BR029,호남,온라인,6,3015000.0,349,0.177,3.85,29486000.0
2024-06-01,BR018,호남,대리점,11,7944000.0,332,0.078,3.91,37286000.0
2024-07-03,BR029,수도권,대리점,6,4074000.0,330,0.077,4.15,41279000.0
2025-06-27,BR015,영남,온라인,4,4233000.0,331,0.058,3.94,18393000.0
2024-06-05,BR016,수도권,직영점,13,827000.0,323,0.169,4.03,46523000.0
2024-02-06,BR028,강원,대리점,14,2674000.0,308,0.16,2.34,23283000.0
2025-03-04,BR026,호남,직영점,15,5734000.0,320,0.105,4.13,42939000.0
2025-05-27,BR027,강원,직영점,18,3259000.0,325,0.047,4.11,33933000.0
2025-09-11,BR018,수도권,온라인,4,623000.0,335,0.051,4.62,29497000.0
2025-08-16,BR019,수도권,직영점,9,2636000.0,331,0.118,4.75,47451000.0
2024-03-17,BR001,수도권,직영점,6,3885000.0,346,0.135,4.01,48784000.0
2025-05-09,BR028,수도권,직영점,18,2434000.0,372,0.017,4.51,64833000.0
2025-06-25,BR026,수도권,대리점,11,1265000.0,327,0.096,3.55,38037000.0
2025-03-22,BR043,수도권,온라인,3,4589000.0,319,0.183,4.48,37764000.0
2025-06-08,BR023,강원,온라인,14,1880000.0,322,0.1,3.81,22157000.0
2025-06-20,BR022,수도권,직영점,2,3476000.0,349,0.177,3.51,36678000.0
2024-10-12,BR004,수도권,대리점,6,2586000.0,301,0.139,4.01,37338000.0
2024-01-26,BR009,호남,대리점,14,1826000.0,315,0.061,4.8,26950000.0
2024-10-18,BR016,영남,대리점,11,8512000.0,323,0.097,4.19,46999000.0
2024-05-09,BR017,호남,대리점,15,1670000.0,301,0.104,4.85,25244000.0
2024-03-13,BR017,영남,직영점,12,2744000.0,323,0.067,3.73,37541000.0
2024-03-20,BR018,호남,대리점,17,2580000.0,313,0.066,,26610000.0
2025-03-22,BR035,영남,대리점,12,2962000.0,361,0.178,3.77,33638000.0
2024-11-18,BR006,충청,대리점,3,8114000.0,303,0.066,4.21,42216000.0
2024-12-11,BR015,영남,대리점,3,3889000.0,371,,4.21,31017000.0
2025-04-21,BR008,충청,온라인,15,1812000.0,335,0.09,4.43,31981000.0
2024-12-16,BR014,수도권,대리점,2,6553000.0,327,0.109,4.23,54026000.0
2025-02-07,BR031,충청,직영점,8,4348000.0,282,0.135,3.73,35590000.0
2024-02-25,BR003,수도권,온라인,2,1840000.0,283,0.083,4.54,27059000.0
2025-06-28,BR016,호남,온라인,7,5919000.0,307,,4.97,26371000.0
2024-10-14,BR002,수도권,직영점,12,818000.0,321,0.018,,48587000.0
2024-04-09,BR043,수도권,대리점,5,1036000.0,340,0.13,3.18,28958000.0
2025-06-04,BR033,수도권,직영점,10,582000.0,314,0.0,,45806000.0
2025-04-15,BR011,호남,대리점,19,344000.0,333,0.1,3.93,35315000.0
2024-02-03,BR009,수도권,직영점,3,5648000.0,347,0.148,4.03,52186000.0
2024-05-03,BR005,영남,대리점,3,2989000.0,321,0.138,4.38,22838000.0
2024-01-11,BR022,호남,직영점,6,639000.0,318,0.052,3.87,25097000.0
2024-06-22,BR034,수도권,대리점,16,2532000.0,281,0.057,3.97,45262000.0
2024-03-04,BR027,호남,온라인,9,4747000.0,321,0.079,4.05,31108000.0
2025-03-30,BR040,수도권,직영점,13,1441000.0,386,0.118,4.83,56681000.0
2024-11-30,BR016,수도권,온라인,2,2046000.0,332,0.019,,44365000.0
2025-09-19,BR013,영남,온라인,15,8767000.0,260,0.109,,38517000.0
2025-04-24,BR022,호남,온라인,3,2190000.0,319,0.124,3.5,18421000.0
2025-01-26,BR010,수도권,직영점,14,693000.0,321,0.097,4.17,50367000.0
2024-11-21,BR044,영남,온라인,4,1726000.0,306,0.134,3.54,20237000.0
2024-02-04,BR009,수도권,직영점,17,595000.0,347,0.12,3.32,47372000.0
2024-02-14,BR022,영남,직영점,7,4106000.0,305,0.086,4.42,39429000.0
2025-01-29,BR024,영남,온라인,5,1277000.0,296,0.023,4.44,16375000.0
